{
	"static": {},
	"combined": {
		"ItemWarehouseInfoCollectionSet": [{
			"ID": "R1",
			"Nodes": [{
				"ID": "A1"
			}, {
				"ID": "A2"
			}]
		}, {
			"ID": "R9"
		}, {
			"ID": "R10"
		}, {
			"ID": "R17"
		}, {
			"ID": "R25"
		}, {
			"ID": "R33"
		}, {
			"ID": "R34"
		}, {
			"ID": "R41"
		}, {
			"ID": "R49"
		}, {
			"ID": "R50"
		}, {
			"ID": "R57"
		}, {
			"ID": "R65"
		}, {
			"ID": "R66"
		}, {
			"ID": "R73"
		}, {
			"ID": "R81"
		}, {
			"ID": "R89"
		}, {
			"ID": "R97"
		}, {
			"ID": "R98"
		}, {
			"ID": "R105"
		}, {
			"ID": "R106"
		}, {
			"ID": "R113"
		}, {
			"ID": "R121"
		}, {
			"ID": "R129"
		}, {
			"ID": "R137"
		}, {
			"ID": "R138"
		}, {
			"ID": "R145"
		}, {
			"ID": "R153"
		}],
		"ItemPricesSet": [{
			"ID": "1",
			"Nodes": [{
				"ID": "A1"
			}, {
				"ID": "A2"
			}]
		}, {
			"ID": "2"
		}, {
			"ID": "3"
		}, {
			"ID": "4"
		}, {
			"ID": "5"
		}, {
			"ID": "6"
		}, {
			"ID": "7"
		}, {
			"ID": "8"
		}, {
			"ID": "9"
		}, {
			"ID": "10"
		}, {
			"ID": "11"
		}, {
			"ID": "12"
		}, {
			"ID": "13"
		}, {
			"ID": "14"
		}, {
			"ID": "15"
		}, {
			"ID": "16"
		}, {
			"ID": "17"
		}, {
			"ID": "18"
		}, {
			"ID": "19"
		}, {
			"ID": "20"
		}, {
			"ID": "21"
		}, {
			"ID": "22"
		}, {
			"ID": "23"
		}, {
			"ID": "24"
		}, {
			"ID": "25"
		}, {
			"ID": "26"
		}, {
			"ID": "27"
		}, {
			"ID": "28"
		}, {
			"ID": "29"
		}, {
			"ID": "30"
		}, {
			"ID": "31"
		}, {
			"ID": "32"
		}, {
			"ID": "33"
		}, {
			"ID": "34"
		}, {
			"ID": "35"
		}, {
			"ID": "36"
		}, {
			"ID": "37"
		}, {
			"ID": "38"
		}, {
			"ID": "39"
		}, {
			"ID": "40"
		}, {
			"ID": "41"
		}, {
			"ID": "42"
		}, {
			"ID": "43"
		}, {
			"ID": "44"
		}, {
			"ID": "45"
		}, {
			"ID": "46"
		}, {
			"ID": "47"
		}, {
			"ID": "48"
		}, {
			"ID": "49"
		}, {
			"ID": "50"
		}, {
			"ID": "51"
		}, {
			"ID": "52"
		}, {
			"ID": "53"
		}, {
			"ID": "54"
		}, {
			"ID": "55"
		}, {
			"ID": "56"
		}, {
			"ID": "57"
		}, {
			"ID": "58"
		}, {
			"ID": "59"
		}, {
			"ID": "60"
		}, {
			"ID": "61"
		}, {
			"ID": "62"
		}, {
			"ID": "63"
		}, {
			"ID": "64"
		}, {
			"ID": "65"
		}, {
			"ID": "66"
		}, {
			"ID": "67"
		}, {
			"ID": "68"
		}, {
			"ID": "69"
		}, {
			"ID": "70"
		}, {
			"ID": "71"
		}, {
			"ID": "72"
		}, {
			"ID": "73"
		}, {
			"ID": "74"
		}, {
			"ID": "75"
		}, {
			"ID": "76"
		}, {
			"ID": "77"
		}, {
			"ID": "78"
		}, {
			"ID": "79"
		}, {
			"ID": "80"
		}, {
			"ID": "81"
		}, {
			"ID": "82"
		}, {
			"ID": "83"
		}, {
			"ID": "84"
		}, {
			"ID": "85"
		}, {
			"ID": "86"
		}, {
			"ID": "87"
		}, {
			"ID": "88"
		}, {
			"ID": "89"
		}, {
			"ID": "90"
		}, {
			"ID": "91"
		}, {
			"ID": "92"
		}, {
			"ID": "93"
		}, {
			"ID": "94"
		}, {
			"ID": "95"
		}, {
			"ID": "96"
		}, {
			"ID": "97"
		}, {
			"ID": "98"
		}, {
			"ID": "99"
		}, {
			"ID": "100"
		}, {
			"ID": "101"
		}, {
			"ID": "102"
		}, {
			"ID": "103"
		}, {
			"ID": "104"
		}, {
			"ID": "105"
		}, {
			"ID": "106"
		}, {
			"ID": "107"
		}, {
			"ID": "108"
		}, {
			"ID": "109"
		}, {
			"ID": "110"
		}, {
			"ID": "111"
		}, {
			"ID": "112"
		}, {
			"ID": "113"
		}, {
			"ID": "114"
		}, {
			"ID": "115"
		}, {
			"ID": "116"
		}, {
			"ID": "117"
		}, {
			"ID": "118"
		}, {
			"ID": "119"
		}, {
			"ID": "120"
		}],
		"itemsSet": [{
			"ID": "i01",
			"Nodes": [{
				"ID": "R1",
				"Nodes": [{
					"ID": "A1"
				}, {
					"ID": "A2"
				}]
			}]
		}, {
			"ID": "C00001",
			"Nodes": [{
				"ID": "R9"
			}, {
				"ID": "R10"
			}]
		}, {
			"ID": "I00006",
			"Nodes": [{
				"ID": "R17"
			}]
		}, {
			"ID": "I00010",
			"Nodes": [{
				"ID": "R25"
			}]
		}, {
			"ID": "A00004",
			"Nodes": [{
				"ID": "R33"
			}, {
				"ID": "R34"
			}]
		}, {
			"ID": "I00001",
			"Nodes": [{
				"ID": "R41"
			}]
		}, {
			"ID": "A00005",
			"Nodes": [{
				"ID": "R49"
			}, {
				"ID": "R50"
			}]
		}, {
			"ID": "A001",
			"Nodes": [{
				"ID": "R57"
			}]
		}, {
			"ID": "C00002",
			"Nodes": [{
				"ID": "R65"
			}, {
				"ID": "R66"
			}]
		}, {
			"ID": "I00007",
			"Nodes": [{
				"ID": "R73"
			}]
		}, {
			"ID": "B10000",
			"Nodes": [{
				"ID": "R81"
			}]
		}, {
			"ID": "I00008",
			"Nodes": [{
				"ID": "R89"
			}]
		}, {
			"ID": "TR0001",
			"Nodes": [{
				"ID": "R97"
			}, {
				"ID": "R98"
			}]
		}, {
			"ID": "LB0002",
			"Nodes": [{
				"ID": "R105"
			}, {
				"ID": "R106"
			}]
		}, {
			"ID": "I00009",
			"Nodes": [{
				"ID": "R113"
			}]
		}, {
			"ID": "LM4029SB",
			"Nodes": [{
				"ID": "R121"
			}]
		}, {
			"ID": "P10001",
			"Nodes": [{
				"ID": "R129"
			}]
		}, {
			"ID": "P10002",
			"Nodes": [{
				"ID": "R137"
			}, {
				"ID": "R138"
			}]
		}, {
			"ID": "P10003",
			"Nodes": [{
				"ID": "R145"
			}]
		}, {
			"ID": "P10004",
			"Nodes": [{
				"ID": "R153"
			}]
		}],
		"UoMPricesSet": [{
			"ID": "A1",
			"___FK_34cd7ea2d733e2b50de0e60e": "1"
		}, {
			"ID": "A2",
			"___FK_34cd7ea2d733e2b50de0e60e": "1"
		}],
		"ItemCycleCountsSet": [{
			"ID": "A1",
			"___FK_3bdeb4dd6de3a8940de0e60e": "R1"
		}, {
			"ID": "A2",
			"___FK_3bdeb4dd6de3a8940de0e60e": "R1"
		}],
		"ItemProjectsSet": [{
			"ID": "A1",
			"___FK_917a846053902cd70de0e60e": "i01"
		}, {
			"ID": "A2",
			"___FK_917a846053902cd70de0e60e": "i01"
		}],
		"ItemPreferredVendorsSet": [{
			"ID": "A1",
			"BPCode": "V1010",
			"___FK_f8f0838a9d109e080de0efdc": null
		}, {
			"ID": "A2",
			"BPCode": "V10000",
			"___FK_f8f0838a9d109e080de0efdc": null
		}, {
			"ID": "A3",
			"BPCode": "V10000",
			"___FK_f8f0838a9d109e080de0efdc": null
		}, {
			"ID": "A4",
			"BPCode": "V10000",
			"___FK_f8f0838a9d109e080de0efdc": null
		}, {
			"ID": "A5",
			"BPCode": "V10000",
			"___FK_f8f0838a9d109e080de0efdc": null
		}, {
			"ID": "A6",
			"BPCode": "V1010",
			"___FK_f8f0838a9d109e080de0efdc": null
		}, {
			"ID": "A7",
			"BPCode": "V20000",
			"___FK_f8f0838a9d109e080de0efdc": null
		}, {
			"ID": "A8",
			"BPCode": "V10000",
			"___FK_f8f0838a9d109e080de0efdc": null
		}, {
			"ID": "A9",
			"BPCode": "V50000",
			"___FK_f8f0838a9d109e080de0efdc": null
		}, {
			"ID": "A10",
			"BPCode": "V10000",
			"___FK_f8f0838a9d109e080de0efdc": null
		}, {
			"ID": "A11",
			"BPCode": "V10000",
			"___FK_f8f0838a9d109e080de0efdc": null
		}, {
			"ID": "A12",
			"BPCode": "V10000",
			"___FK_f8f0838a9d109e080de0efdc": null
		}],
		"ItemLocalizationInfosSet": [{
			"ID": "A1",
			"___FK_ae8573625bf4d9080de0e60e": "i01"
		}, {
			"ID": "A2",
			"___FK_ae8573625bf4d9080de0e60e": "i01"
		}],
		"ItemPeriodControlsSet": [{
			"ID": "A1",
			"___FK_e51475feb429f1c90de0e60e": "i01"
		}, {
			"ID": "A2",
			"___FK_e51475feb429f1c90de0e60e": "i01"
		}],
		"ItemBarCodeCollectionSet": [{
			"ID": "A1",
			"___FK_b7fcf79e1b1ad9cd0de0e60e": "i01"
		}, {
			"ID": "A2",
			"___FK_b7fcf79e1b1ad9cd0de0e60e": "i01"
		}],
		"ItemAttributeGroupsSet": [{
			"ID": "A1",
			"___FK_56de478707bb97fa0de0e60e": "i01"
		}, {
			"ID": "A2",
			"___FK_56de478707bb97fa0de0e60e": "i01"
		}],
		"ItemDistributionRulesSet": [{
			"ID": "A1",
			"___FK_c1f8805e775196c30de0e60e": "i01"
		}, {
			"ID": "A2",
			"___FK_c1f8805e775196c30de0e60e": "i01"
		}],
		"ItemDepreciationParametersSet": [{
			"ID": "A1",
			"___FK_5e1d074b7833de8d0de0e60e": "i01"
		}, {
			"ID": "A2",
			"___FK_5e1d074b7833de8d0de0e60e": "i01"
		}],
		"ItemUnitOfMeasurementCollectionSet": [{
			"ID": "A1",
			"___FK_3b7dd8888d098e460de0e60e": "i01"
		}, {
			"ID": "A2",
			"___FK_3b7dd8888d098e460de0e60e": "i01"
		}],
		"ItemIntrastatExtensionSet": [{
			"ID": "A1"
		}, {
			"ID": "A2"
		}],
		"ItemQtySet": [{
			"ID": "Q1",
			"Demand": 20,
			"InStock": 17,
			"ItemName": "DELL DE890",
			"Vendor": "V1010",
			"Tax": "T01",
			"Ordered": 0,
			"___FK_b5bf64dbb2f6d7d20de0efe2": "i01"
		}, {
			"ID": "Q2",
			"Demand": 105,
			"InStock": 1071,
			"ItemName": "Motherboard P4 Turbo",
			"Vendor": "V10000",
			"Tax": "T02",
			"Ordered": 200,
			"___FK_b5bf64dbb2f6d7d20de0efe2": "C00001"
		}, {
			"ID": "Q3",
			"Demand": 750,
			"InStock": 925,
			"ItemName": "IBM Thankpad Laptop Batteries A21 series",
			"Vendor": "V10000",
			"Tax": "T03",
			"Ordered": 70,
			"___FK_b5bf64dbb2f6d7d20de0efe2": "I00006"
		}, {
			"ID": "Q4",
			"Demand": 1300,
			"InStock": 970,
			"ItemName": "Canon EOS 30D",
			"Vendor": "V10000",
			"Tax": "T04",
			"Ordered": 120,
			"___FK_b5bf64dbb2f6d7d20de0efe2": "I00010"
		}, {
			"ID": "Q5",
			"Demand": 922,
			"InStock": 785,
			"ItemName": "HP Color Laser Jet 5",
			"Vendor": "V10000",
			"Tax": "T05",
			"Ordered": 160,
			"___FK_b5bf64dbb2f6d7d20de0efe2": "A00004"
		}, {
			"ID": "Q6",
			"Demand": 1400,
			"InStock": 961,
			"ItemName": "DVD+R Disc 10-Pack",
			"Vendor": "V1010",
			"Tax": "T06",
			"Ordered": 140,
			"___FK_b5bf64dbb2f6d7d20de0efe2": "I00001"
		}, {
			"ID": "Q7",
			"Demand": 925,
			"InStock": 778,
			"ItemName": "HP Color Laser Jet 4",
			"Vendor": "V20000",
			"Tax": "T07",
			"Ordered": 200,
			"___FK_b5bf64dbb2f6d7d20de0efe2": "A00005"
		}, {
			"ID": "Q8",
			"Demand": 1900,
			"InStock": 900,
			"ItemName": "A001",
			"Vendor": "V10000",
			"Tax": "T08",
			"Ordered": 900,
			"___FK_b5bf64dbb2f6d7d20de0efe2": "A001"
		}, {
			"ID": "Q9",
			"Demand": 1498,
			"InStock": 1011,
			"ItemName": "Motherboard P4 Turbo - Asus Chipset",
			"Vendor": "V50000",
			"Tax": "T09",
			"Ordered": 200,
			"___FK_b5bf64dbb2f6d7d20de0efe2": "C00002"
		}, {
			"ID": "Q10",
			"Demand": 995,
			"InStock": 885,
			"ItemName": "HP Printer 95 Inkjet Cartridge",
			"Vendor": "V10000",
			"Tax": "T01",
			"Ordered": 70,
			"___FK_b5bf64dbb2f6d7d20de0efe2": "I00007"
		}, {
			"ID": "Q11",
			"Demand": 567,
			"InStock": 500,
			"ItemName": "Printer Label",
			"Vendor": "V10000",
			"Tax": "T02",
			"Ordered": 0,
			"___FK_b5bf64dbb2f6d7d20de0efe2": "B10000"
		}, {
			"ID": "Q12",
			"Demand": 1145,
			"InStock": 929,
			"ItemName": "HP Vivera Ink 6-Pack and Photo Paper Kit",
			"Vendor": "V10000",
			"Tax": "T03",
			"Ordered": 70,
			"___FK_b5bf64dbb2f6d7d20de0efe2": "I00008"
		}, {
			"ID": "Q13",
			"Demand": 40,
			"InStock": 0,
			"ItemName": "Travel Expense per 100 miles",
			"Vendor": "V1010",
			"Tax": "T04",
			"Ordered": 0,
			"___FK_b5bf64dbb2f6d7d20de0efe2": "TR0001"
		}, {
			"ID": "Q14",
			"Demand": 34,
			"InStock": 0,
			"ItemName": "Hourly Service Labor Charge",
			"Vendor": "V10000",
			"Tax": "T05",
			"Ordered": 0,
			"___FK_b5bf64dbb2f6d7d20de0efe2": "LB0002"
		}, {
			"ID": "Q15",
			"Demand": 1026,
			"InStock": 927,
			"ItemName": "Canon PowerShot A1000IS",
			"Vendor": "V10000",
			"Tax": "T06",
			"Ordered": 70,
			"___FK_b5bf64dbb2f6d7d20de0efe2": "I00009"
		}, {
			"ID": "Q16",
			"Demand": 769,
			"InStock": 501,
			"ItemName": "LM4029SB Lexmark 4029 Printer System Board",
			"Vendor": "V10000",
			"Tax": "T07",
			"Ordered": 170,
			"___FK_b5bf64dbb2f6d7d20de0efe2": "LM4029SB"
		}, {
			"ID": "Q17",
			"Demand": 15,
			"InStock": 10,
			"ItemName": "PC - P4 2.4G, DDR 512M, 400G HD",
			"Vendor": "V10000",
			"Tax": "T08",
			"Ordered": 0,
			"___FK_b5bf64dbb2f6d7d20de0efe2": "P10001"
		}, {
			"ID": "Q18",
			"Demand": 9,
			"InStock": 0,
			"ItemName": "PC - P4 2.4G, DDR 1024M, 400G HD",
			"Vendor": "V1010",
			"Tax": "T09",
			"Ordered": 0,
			"___FK_b5bf64dbb2f6d7d20de0efe2": "P10002"
		}, {
			"ID": "Q19",
			"Demand": 43,
			"InStock": 15,
			"ItemName": "PC Set 1",
			"Vendor": "V20000",
			"Tax": "T01",
			"Ordered": 0,
			"___FK_b5bf64dbb2f6d7d20de0efe2": "P10003"
		}, {
			"ID": "Q20",
			"Demand": 34,
			"InStock": 10,
			"ItemName": "PC Set 2",
			"Vendor": "V10000",
			"Tax": "T02",
			"Ordered": 0,
			"___FK_b5bf64dbb2f6d7d20de0efe2": "P10004"
		}],
		"ordenes_de_compraSet": [{
			"ID": "1",
			"Nombre": "Ganchos",
			"Estado": "En Camino",
			"Unidades": 36,
			"Nombre_Proveedor": "Gachos Colombia S.A",
			"Telefono_proveedor": 4223253,
			"Mail_Proveedor": "ganchoscol@hotmail.com"
		}, {
			"ID": "2",
			"Nombre": "Tela Azul",
			"Estado": "Recibida",
			"Unidades": 114,
			"Nombre_Proveedor": "Tela Azul Colombia",
			"Telefono_proveedor": 6438064,
			"Mail_Proveedor": "telaazulco@gmail.com"
		}, {
			"ID": "3",
			"Nombre": "Tela Roja",
			"Estado": "Atrasada",
			"Unidades": 43,
			"Nombre_Proveedor": "Tela Roja Colombia",
			"Telefono_proveedor": 5048499,
			"Mail_Proveedor": "telarojacol@hotmail.com"
		}, {
			"ID": "4",
			"Nombre": "Tela Rosada",
			"Estado": "Recibida",
			"Unidades": 20,
			"Nombre_Proveedor": "Tela Rosada Colombia",
			"Telefono_proveedor": 6918279,
			"Mail_Proveedor": "telarosacol@gmail.com"
		}, {
			"ID": "5",
			"Nombre": "Ganchos",
			"Estado": "Recibida",
			"Unidades": 34,
			"Nombre_Proveedor": "Ganchos Colombia",
			"Telefono_proveedor": 4350441,
			"Mail_Proveedor": "ganchoscol@hotmail.com"
		}, {
			"ID": "6",
			"Nombre": "Caucho",
			"Estado": "En Camino",
			"Unidades": 163,
			"Nombre_Proveedor": "Caucho Colombia",
			"Telefono_proveedor": 4712343,
			"Mail_Proveedor": "cauchocol@outlook.com"
		}, {
			"ID": "7",
			"Nombre": "Ganchos",
			"Estado": "Recibida",
			"Unidades": 125,
			"Nombre_Proveedor": "Ganchos Colombia",
			"Telefono_proveedor": 7034646,
			"Mail_Proveedor": "ganchoscol@hotmail.com"
		}, {
			"ID": "8",
			"Nombre": "Tela Azul",
			"Estado": "Recibida",
			"Unidades": 91,
			"Nombre_Proveedor": "Tela Azul Colombia",
			"Telefono_proveedor": 4459779,
			"Mail_Proveedor": "telaazulco@gmail.com"
		}, {
			"ID": "9",
			"Nombre": "Tela Roja",
			"Estado": "Recibida",
			"Unidades": 123,
			"Nombre_Proveedor": "Tela Roja Colombia",
			"Telefono_proveedor": 5543894,
			"Mail_Proveedor": "telarojacol@hotmail.com"
		}, {
			"ID": "10",
			"Nombre": "Tela Rosada",
			"Estado": "Atrasada",
			"Unidades": 117,
			"Nombre_Proveedor": "Tela Rosada Colombia",
			"Telefono_proveedor": 4488600,
			"Mail_Proveedor": "telarosacol@gmail.com"
		}, {
			"ID": "11",
			"Nombre": "Ganchos",
			"Estado": "En Camino",
			"Unidades": 2,
			"Nombre_Proveedor": "Ganchos Colombia",
			"Telefono_proveedor": 4988588,
			"Mail_Proveedor": "ganchoscol@hotmail.com"
		}, {
			"ID": "12",
			"Nombre": "Caucho",
			"Estado": "Atrasada",
			"Unidades": 44,
			"Nombre_Proveedor": "Caucho Colombia",
			"Telefono_proveedor": 4504785,
			"Mail_Proveedor": "cauchocol@outlook.com"
		}, {
			"ID": "13",
			"Nombre": "Ganchos",
			"Estado": "En Camino",
			"Unidades": 211,
			"Nombre_Proveedor": "Ganchos Colombia",
			"Telefono_proveedor": 4675019,
			"Mail_Proveedor": "ganchoscol@hotmail.com"
		}, {
			"ID": "14",
			"Nombre": "Tela Azul",
			"Estado": "Atrasada",
			"Unidades": 107,
			"Nombre_Proveedor": "Tela Azul Colombia",
			"Telefono_proveedor": 5227311,
			"Mail_Proveedor": "telaazulco@gmail.com"
		}, {
			"ID": "15",
			"Nombre": "Tela Roja",
			"Estado": "Recibida",
			"Unidades": 197,
			"Nombre_Proveedor": "Tela Roja Colombia",
			"Telefono_proveedor": 4391807,
			"Mail_Proveedor": "telarojacol@hotmail.com"
		}, {
			"ID": "16",
			"Nombre": "Tela Rosada",
			"Estado": "Atrasada",
			"Unidades": 141,
			"Nombre_Proveedor": "Tela Rosada Colombia",
			"Telefono_proveedor": 4791147,
			"Mail_Proveedor": "telarosacol@gmail.com"
		}, {
			"ID": "17",
			"Nombre": "Ganchos",
			"Estado": "En Camino",
			"Unidades": 100,
			"Nombre_Proveedor": "Ganchos Colombia",
			"Telefono_proveedor": 7733145,
			"Mail_Proveedor": "ganchoscol@hotmail.com"
		}]
	}
}