[{
	"ID": "R1",
	"MinimalStock": 0,
	"MaximalStock": 0,
	"MinimalOrder": 0,
	"StandardAveragePrice": 6880,
	"Locked": "tNO",
	"InventoryAccount": "null",
	"CostAccount": "null",
	"TransferAccount": "null",
	"RevenuesAccount": "null",
	"VarienceAccount": "null",
	"DecreasingAccount": "null",
	"IncreasingAccount": "null",
	"ReturningAccount": "null",
	"ExpensesAccount": "null",
	"EURevenuesAccount": "null",
	"EUExpensesAccount": "null",
	"ForeignRevenueAcc": "null",
	"ForeignExpensAcc": "null",
	"ExemptIncomeAcc": "null",
	"PriceDifferenceAcc": "null",
	"WarehouseCode": "WH 01",
	"InStock": 17,
	"Committed": 20,
	"Ordered": 0,
	"CountedQuantity": 0,
	"WasCounted": "tNO",
	"UserSignature": 1,
	"Counted": 0,
	"ExpenseClearingAct": "null",
	"PurchaseCreditAcc": "null",
	"EUPurchaseCreditAcc": "null",
	"ForeignPurchaseCreditAcc": "null",
	"SalesCreditAcc": "null",
	"SalesCreditEUAcc": "null",
	"ExemptedCredits": "null",
	"SalesCreditForeignAcc": "null",
	"ExpenseOffsettingAccount": "null",
	"WipAccount": "null",
	"ExchangeRateDifferencesAcct": "null",
	"GoodsClearingAcct": "null",
	"NegativeInventoryAdjustmentAccount": "null",
	"CostInflationOffsetAccount": "null",
	"GLDecreaseAcct": "null",
	"GLIncreaseAcct": "null",
	"PAReturnAcct": "null",
	"PurchaseAcct": "null",
	"PurchaseOffsetAcct": "null",
	"ShippedGoodsAccount": "null",
	"StockInflationOffsetAccount": "null",
	"StockInflationAdjustAccount": "null",
	"VATInRevenueAccount": "null",
	"WipVarianceAccount": "null",
	"CostInflationAccount": "null",
	"WHIncomingCenvatAccount": "null",
	"WHOutgoingCenvatAccount": "null",
	"StockInTransitAccount": "null",
	"WipOffsetProfitAndLossAccount": "null",
	"InventoryOffsetProfitAndLossAccount": "null",
	"DefaultBin": "null",
	"DefaultBinEnforced": "tNO",
	"PurchaseBalanceAccount": "null",
	"___FK_ae124f5dfce81c040de63d30": "i01"
}, {
	"ID": "R9",
	"MinimalStock": 0,
	"MaximalStock": 0,
	"MinimalOrder": 0,
	"StandardAveragePrice": 1458.81,
	"Locked": "tNO",
	"InventoryAccount": "null",
	"CostAccount": "null",
	"TransferAccount": "null",
	"RevenuesAccount": "null",
	"VarienceAccount": "null",
	"DecreasingAccount": "null",
	"IncreasingAccount": "null",
	"ReturningAccount": "null",
	"ExpensesAccount": "null",
	"EURevenuesAccount": "null",
	"EUExpensesAccount": "null",
	"ForeignRevenueAcc": "null",
	"ForeignExpensAcc": "null",
	"ExemptIncomeAcc": "null",
	"PriceDifferenceAcc": "null",
	"WarehouseCode": "WH 01",
	"InStock": 1021,
	"Committed": 55,
	"Ordered": 150,
	"CountedQuantity": 0,
	"WasCounted": "tNO",
	"UserSignature": 1,
	"Counted": 0,
	"ExpenseClearingAct": "null",
	"PurchaseCreditAcc": "null",
	"EUPurchaseCreditAcc": "null",
	"ForeignPurchaseCreditAcc": "null",
	"SalesCreditAcc": "null",
	"SalesCreditEUAcc": "null",
	"ExemptedCredits": "null",
	"SalesCreditForeignAcc": "null",
	"ExpenseOffsettingAccount": "null",
	"WipAccount": "null",
	"ExchangeRateDifferencesAcct": "null",
	"GoodsClearingAcct": "null",
	"NegativeInventoryAdjustmentAccount": "null",
	"CostInflationOffsetAccount": "null",
	"GLDecreaseAcct": "null",
	"GLIncreaseAcct": "null",
	"PAReturnAcct": "null",
	"PurchaseAcct": "null",
	"PurchaseOffsetAcct": "null",
	"ShippedGoodsAccount": "null",
	"StockInflationOffsetAccount": "null",
	"StockInflationAdjustAccount": "null",
	"VATInRevenueAccount": "null",
	"WipVarianceAccount": "null",
	"CostInflationAccount": "null",
	"WHIncomingCenvatAccount": "null",
	"WHOutgoingCenvatAccount": "null",
	"StockInTransitAccount": "null",
	"WipOffsetProfitAndLossAccount": "null",
	"InventoryOffsetProfitAndLossAccount": "null",
	"DefaultBin": "null",
	"DefaultBinEnforced": "tNO",
	"PurchaseBalanceAccount": "null",
	"___FK_ae124f5dfce81c040de63d30": "C00001"
}, {
	"ID": "R10",
	"MinimalStock": 0,
	"MaximalStock": 0,
	"MinimalOrder": 0,
	"StandardAveragePrice": 400,
	"Locked": "tNO",
	"InventoryAccount": "null",
	"CostAccount": "null",
	"TransferAccount": "null",
	"RevenuesAccount": "null",
	"VarienceAccount": "null",
	"DecreasingAccount": "null",
	"IncreasingAccount": "null",
	"ReturningAccount": "null",
	"ExpensesAccount": "null",
	"EURevenuesAccount": "null",
	"EUExpensesAccount": "null",
	"ForeignRevenueAcc": "null",
	"ForeignExpensAcc": "null",
	"ExemptIncomeAcc": "null",
	"PriceDifferenceAcc": "null",
	"WarehouseCode": "WH 02",
	"InStock": 50,
	"Committed": 50,
	"Ordered": 50,
	"CountedQuantity": 0,
	"WasCounted": "tNO",
	"UserSignature": 1,
	"Counted": 0,
	"ExpenseClearingAct": "null",
	"PurchaseCreditAcc": "null",
	"EUPurchaseCreditAcc": "null",
	"ForeignPurchaseCreditAcc": "null",
	"SalesCreditAcc": "null",
	"SalesCreditEUAcc": "null",
	"ExemptedCredits": "null",
	"SalesCreditForeignAcc": "null",
	"ExpenseOffsettingAccount": "null",
	"WipAccount": "null",
	"ExchangeRateDifferencesAcct": "null",
	"GoodsClearingAcct": "null",
	"NegativeInventoryAdjustmentAccount": "null",
	"CostInflationOffsetAccount": "null",
	"GLDecreaseAcct": "null",
	"GLIncreaseAcct": "null",
	"PAReturnAcct": "null",
	"PurchaseAcct": "null",
	"PurchaseOffsetAcct": "null",
	"ShippedGoodsAccount": "null",
	"StockInflationOffsetAccount": "null",
	"StockInflationAdjustAccount": "null",
	"VATInRevenueAccount": "null",
	"WipVarianceAccount": "null",
	"CostInflationAccount": "null",
	"WHIncomingCenvatAccount": "null",
	"WHOutgoingCenvatAccount": "null",
	"StockInTransitAccount": "null",
	"WipOffsetProfitAndLossAccount": "null",
	"InventoryOffsetProfitAndLossAccount": "null",
	"DefaultBin": "null",
	"DefaultBinEnforced": "tNO",
	"PurchaseBalanceAccount": "null",
	"___FK_ae124f5dfce81c040de63d30": "C00001"
}, {
	"ID": "R17",
	"MinimalStock": 0,
	"MaximalStock": 0,
	"MinimalOrder": 0,
	"StandardAveragePrice": 58.03,
	"Locked": "tNO",
	"InventoryAccount": "null",
	"CostAccount": "null",
	"TransferAccount": "null",
	"RevenuesAccount": "null",
	"VarienceAccount": "null",
	"DecreasingAccount": "null",
	"IncreasingAccount": "null",
	"ReturningAccount": "null",
	"ExpensesAccount": "null",
	"EURevenuesAccount": "null",
	"EUExpensesAccount": "null",
	"ForeignRevenueAcc": "null",
	"ForeignExpensAcc": "null",
	"ExemptIncomeAcc": "null",
	"PriceDifferenceAcc": "null",
	"WarehouseCode": "WH 01",
	"InStock": 925,
	"Committed": 750,
	"Ordered": 70,
	"CountedQuantity": 0,
	"WasCounted": "tNO",
	"UserSignature": 1,
	"Counted": 0,
	"ExpenseClearingAct": "null",
	"PurchaseCreditAcc": "null",
	"EUPurchaseCreditAcc": "null",
	"ForeignPurchaseCreditAcc": "null",
	"SalesCreditAcc": "null",
	"SalesCreditEUAcc": "null",
	"ExemptedCredits": "null",
	"SalesCreditForeignAcc": "null",
	"ExpenseOffsettingAccount": "null",
	"WipAccount": "null",
	"ExchangeRateDifferencesAcct": "null",
	"GoodsClearingAcct": "null",
	"NegativeInventoryAdjustmentAccount": "null",
	"CostInflationOffsetAccount": "null",
	"GLDecreaseAcct": "null",
	"GLIncreaseAcct": "null",
	"PAReturnAcct": "null",
	"PurchaseAcct": "null",
	"PurchaseOffsetAcct": "null",
	"ShippedGoodsAccount": "null",
	"StockInflationOffsetAccount": "null",
	"StockInflationAdjustAccount": "null",
	"VATInRevenueAccount": "null",
	"WipVarianceAccount": "null",
	"CostInflationAccount": "null",
	"WHIncomingCenvatAccount": "null",
	"WHOutgoingCenvatAccount": "null",
	"StockInTransitAccount": "null",
	"WipOffsetProfitAndLossAccount": "null",
	"InventoryOffsetProfitAndLossAccount": "null",
	"DefaultBin": "null",
	"DefaultBinEnforced": "tNO",
	"PurchaseBalanceAccount": "null",
	"___FK_ae124f5dfce81c040de63d30": "I00006"
}, {
	"ID": "R25",
	"MinimalStock": 0,
	"MaximalStock": 0,
	"MinimalOrder": 0,
	"StandardAveragePrice": 439.44,
	"Locked": "tNO",
	"InventoryAccount": "null",
	"CostAccount": "null",
	"TransferAccount": "null",
	"RevenuesAccount": "null",
	"VarienceAccount": "null",
	"DecreasingAccount": "null",
	"IncreasingAccount": "null",
	"ReturningAccount": "null",
	"ExpensesAccount": "null",
	"EURevenuesAccount": "null",
	"EUExpensesAccount": "null",
	"ForeignRevenueAcc": "null",
	"ForeignExpensAcc": "null",
	"ExemptIncomeAcc": "null",
	"PriceDifferenceAcc": "null",
	"WarehouseCode": "WH 01",
	"InStock": 970,
	"Committed": 1300,
	"Ordered": 120,
	"CountedQuantity": 0,
	"WasCounted": "tNO",
	"UserSignature": 1,
	"Counted": 0,
	"ExpenseClearingAct": "null",
	"PurchaseCreditAcc": "null",
	"EUPurchaseCreditAcc": "null",
	"ForeignPurchaseCreditAcc": "null",
	"SalesCreditAcc": "null",
	"SalesCreditEUAcc": "null",
	"ExemptedCredits": "null",
	"SalesCreditForeignAcc": "null",
	"ExpenseOffsettingAccount": "null",
	"WipAccount": "null",
	"ExchangeRateDifferencesAcct": "null",
	"GoodsClearingAcct": "null",
	"NegativeInventoryAdjustmentAccount": "null",
	"CostInflationOffsetAccount": "null",
	"GLDecreaseAcct": "null",
	"GLIncreaseAcct": "null",
	"PAReturnAcct": "null",
	"PurchaseAcct": "null",
	"PurchaseOffsetAcct": "null",
	"ShippedGoodsAccount": "null",
	"StockInflationOffsetAccount": "null",
	"StockInflationAdjustAccount": "null",
	"VATInRevenueAccount": "null",
	"WipVarianceAccount": "null",
	"CostInflationAccount": "null",
	"WHIncomingCenvatAccount": "null",
	"WHOutgoingCenvatAccount": "null",
	"StockInTransitAccount": "null",
	"WipOffsetProfitAndLossAccount": "null",
	"InventoryOffsetProfitAndLossAccount": "null",
	"DefaultBin": "null",
	"DefaultBinEnforced": "tNO",
	"PurchaseBalanceAccount": "null",
	"___FK_ae124f5dfce81c040de63d30": "I00010"
}, {
	"ID": "R33",
	"MinimalStock": 0,
	"MaximalStock": 0,
	"MinimalOrder": 0,
	"StandardAveragePrice": 500,
	"Locked": "tNO",
	"InventoryAccount": "null",
	"CostAccount": "null",
	"TransferAccount": "null",
	"RevenuesAccount": "null",
	"VarienceAccount": "null",
	"DecreasingAccount": "null",
	"IncreasingAccount": "null",
	"ReturningAccount": "null",
	"ExpensesAccount": "null",
	"EURevenuesAccount": "null",
	"EUExpensesAccount": "null",
	"ForeignRevenueAcc": "null",
	"ForeignExpensAcc": "null",
	"ExemptIncomeAcc": "null",
	"PriceDifferenceAcc": "null",
	"WarehouseCode": "WH 01",
	"InStock": 755,
	"Committed": 700,
	"Ordered": 100,
	"CountedQuantity": 0,
	"WasCounted": "tNO",
	"UserSignature": 1,
	"Counted": 0,
	"ExpenseClearingAct": "null",
	"PurchaseCreditAcc": "null",
	"EUPurchaseCreditAcc": "null",
	"ForeignPurchaseCreditAcc": "null",
	"SalesCreditAcc": "null",
	"SalesCreditEUAcc": "null",
	"ExemptedCredits": "null",
	"SalesCreditForeignAcc": "null",
	"ExpenseOffsettingAccount": "null",
	"WipAccount": "null",
	"ExchangeRateDifferencesAcct": "null",
	"GoodsClearingAcct": "null",
	"NegativeInventoryAdjustmentAccount": "null",
	"CostInflationOffsetAccount": "null",
	"GLDecreaseAcct": "null",
	"GLIncreaseAcct": "null",
	"PAReturnAcct": "null",
	"PurchaseAcct": "null",
	"PurchaseOffsetAcct": "null",
	"ShippedGoodsAccount": "null",
	"StockInflationOffsetAccount": "null",
	"StockInflationAdjustAccount": "null",
	"VATInRevenueAccount": "null",
	"WipVarianceAccount": "null",
	"CostInflationAccount": "null",
	"WHIncomingCenvatAccount": "null",
	"WHOutgoingCenvatAccount": "null",
	"StockInTransitAccount": "null",
	"WipOffsetProfitAndLossAccount": "null",
	"InventoryOffsetProfitAndLossAccount": "null",
	"DefaultBin": "null",
	"DefaultBinEnforced": "tNO",
	"PurchaseBalanceAccount": "null",
	"___FK_ae124f5dfce81c040de63d30": "A00004"
}, {
	"ID": "R34",
	"MinimalStock": 0,
	"MaximalStock": 0,
	"MinimalOrder": 0,
	"StandardAveragePrice": 155306.45,
	"Locked": "tNO",
	"InventoryAccount": "null",
	"CostAccount": "null",
	"TransferAccount": "null",
	"RevenuesAccount": "null",
	"VarienceAccount": "null",
	"DecreasingAccount": "null",
	"IncreasingAccount": "null",
	"ReturningAccount": "null",
	"ExpensesAccount": "null",
	"EURevenuesAccount": "null",
	"EUExpensesAccount": "null",
	"ForeignRevenueAcc": "null",
	"ForeignExpensAcc": "null",
	"ExemptIncomeAcc": "null",
	"PriceDifferenceAcc": "null",
	"WarehouseCode": "WH 02",
	"InStock": 30,
	"Committed": 222,
	"Ordered": 60,
	"CountedQuantity": 0,
	"WasCounted": "tNO",
	"UserSignature": 1,
	"Counted": 0,
	"ExpenseClearingAct": "null",
	"PurchaseCreditAcc": "null",
	"EUPurchaseCreditAcc": "null",
	"ForeignPurchaseCreditAcc": "null",
	"SalesCreditAcc": "null",
	"SalesCreditEUAcc": "null",
	"ExemptedCredits": "null",
	"SalesCreditForeignAcc": "null",
	"ExpenseOffsettingAccount": "null",
	"WipAccount": "null",
	"ExchangeRateDifferencesAcct": "null",
	"GoodsClearingAcct": "null",
	"NegativeInventoryAdjustmentAccount": "null",
	"CostInflationOffsetAccount": "null",
	"GLDecreaseAcct": "null",
	"GLIncreaseAcct": "null",
	"PAReturnAcct": "null",
	"PurchaseAcct": "null",
	"PurchaseOffsetAcct": "null",
	"ShippedGoodsAccount": "null",
	"StockInflationOffsetAccount": "null",
	"StockInflationAdjustAccount": "null",
	"VATInRevenueAccount": "null",
	"WipVarianceAccount": "null",
	"CostInflationAccount": "null",
	"WHIncomingCenvatAccount": "null",
	"WHOutgoingCenvatAccount": "null",
	"StockInTransitAccount": "null",
	"WipOffsetProfitAndLossAccount": "null",
	"InventoryOffsetProfitAndLossAccount": "null",
	"DefaultBin": "null",
	"DefaultBinEnforced": "tNO",
	"PurchaseBalanceAccount": "null",
	"___FK_ae124f5dfce81c040de63d30": "A00004"
}, {
	"ID": "R41",
	"MinimalStock": 0,
	"MaximalStock": 0,
	"MinimalOrder": 0,
	"StandardAveragePrice": 2.15,
	"Locked": "tNO",
	"InventoryAccount": "null",
	"CostAccount": "null",
	"TransferAccount": "null",
	"RevenuesAccount": "null",
	"VarienceAccount": "null",
	"DecreasingAccount": "null",
	"IncreasingAccount": "null",
	"ReturningAccount": "null",
	"ExpensesAccount": "null",
	"EURevenuesAccount": "null",
	"EUExpensesAccount": "null",
	"ForeignRevenueAcc": "null",
	"ForeignExpensAcc": "null",
	"ExemptIncomeAcc": "null",
	"PriceDifferenceAcc": "null",
	"WarehouseCode": "WH 01",
	"InStock": 961,
	"Committed": 1400,
	"Ordered": 140,
	"CountedQuantity": 0,
	"WasCounted": "tNO",
	"UserSignature": 1,
	"Counted": 0,
	"ExpenseClearingAct": "null",
	"PurchaseCreditAcc": "null",
	"EUPurchaseCreditAcc": "null",
	"ForeignPurchaseCreditAcc": "null",
	"SalesCreditAcc": "null",
	"SalesCreditEUAcc": "null",
	"ExemptedCredits": "null",
	"SalesCreditForeignAcc": "null",
	"ExpenseOffsettingAccount": "null",
	"WipAccount": "null",
	"ExchangeRateDifferencesAcct": "null",
	"GoodsClearingAcct": "null",
	"NegativeInventoryAdjustmentAccount": "null",
	"CostInflationOffsetAccount": "null",
	"GLDecreaseAcct": "null",
	"GLIncreaseAcct": "null",
	"PAReturnAcct": "null",
	"PurchaseAcct": "null",
	"PurchaseOffsetAcct": "null",
	"ShippedGoodsAccount": "null",
	"StockInflationOffsetAccount": "null",
	"StockInflationAdjustAccount": "null",
	"VATInRevenueAccount": "null",
	"WipVarianceAccount": "null",
	"CostInflationAccount": "null",
	"WHIncomingCenvatAccount": "null",
	"WHOutgoingCenvatAccount": "null",
	"StockInTransitAccount": "null",
	"WipOffsetProfitAndLossAccount": "null",
	"InventoryOffsetProfitAndLossAccount": "null",
	"DefaultBin": "null",
	"DefaultBinEnforced": "tNO",
	"PurchaseBalanceAccount": "null",
	"___FK_ae124f5dfce81c040de63d30": "I00001"
}, {
	"ID": "R49",
	"MinimalStock": 0,
	"MaximalStock": 0,
	"MinimalOrder": 0,
	"StandardAveragePrice": 277.59,
	"Locked": "tNO",
	"InventoryAccount": "null",
	"CostAccount": "null",
	"TransferAccount": "null",
	"RevenuesAccount": "null",
	"VarienceAccount": "null",
	"DecreasingAccount": "null",
	"IncreasingAccount": "null",
	"ReturningAccount": "null",
	"ExpensesAccount": "null",
	"EURevenuesAccount": "null",
	"EUExpensesAccount": "null",
	"ForeignRevenueAcc": "null",
	"ForeignExpensAcc": "null",
	"ExemptIncomeAcc": "null",
	"PriceDifferenceAcc": "null",
	"WarehouseCode": "WH 01",
	"InStock": -52,
	"Committed": 25,
	"Ordered": 40,
	"CountedQuantity": 0,
	"WasCounted": "tNO",
	"UserSignature": 1,
	"Counted": 0,
	"ExpenseClearingAct": "null",
	"PurchaseCreditAcc": "null",
	"EUPurchaseCreditAcc": "null",
	"ForeignPurchaseCreditAcc": "null",
	"SalesCreditAcc": "null",
	"SalesCreditEUAcc": "null",
	"ExemptedCredits": "null",
	"SalesCreditForeignAcc": "null",
	"ExpenseOffsettingAccount": "null",
	"WipAccount": "null",
	"ExchangeRateDifferencesAcct": "null",
	"GoodsClearingAcct": "null",
	"NegativeInventoryAdjustmentAccount": "null",
	"CostInflationOffsetAccount": "null",
	"GLDecreaseAcct": "null",
	"GLIncreaseAcct": "null",
	"PAReturnAcct": "null",
	"PurchaseAcct": "null",
	"PurchaseOffsetAcct": "null",
	"ShippedGoodsAccount": "null",
	"StockInflationOffsetAccount": "null",
	"StockInflationAdjustAccount": "null",
	"VATInRevenueAccount": "null",
	"WipVarianceAccount": "null",
	"CostInflationAccount": "null",
	"WHIncomingCenvatAccount": "null",
	"WHOutgoingCenvatAccount": "null",
	"StockInTransitAccount": "null",
	"WipOffsetProfitAndLossAccount": "null",
	"InventoryOffsetProfitAndLossAccount": "null",
	"DefaultBin": "null",
	"DefaultBinEnforced": "tNO",
	"PurchaseBalanceAccount": "null",
	"___FK_ae124f5dfce81c040de63d30": "A00005"
}, {
	"ID": "R50",
	"MinimalStock": 0,
	"MaximalStock": 0,
	"MinimalOrder": 0,
	"StandardAveragePrice": 400,
	"Locked": "tNO",
	"InventoryAccount": "null",
	"CostAccount": "null",
	"TransferAccount": "null",
	"RevenuesAccount": "null",
	"VarienceAccount": "null",
	"DecreasingAccount": "null",
	"IncreasingAccount": "null",
	"ReturningAccount": "null",
	"ExpensesAccount": "null",
	"EURevenuesAccount": "null",
	"EUExpensesAccount": "null",
	"ForeignRevenueAcc": "null",
	"ForeignExpensAcc": "null",
	"ExemptIncomeAcc": "null",
	"PriceDifferenceAcc": "null",
	"WarehouseCode": "WH 02",
	"InStock": 830,
	"Committed": 900,
	"Ordered": 160,
	"CountedQuantity": 0,
	"WasCounted": "tNO",
	"UserSignature": 1,
	"Counted": 0,
	"ExpenseClearingAct": "null",
	"PurchaseCreditAcc": "null",
	"EUPurchaseCreditAcc": "null",
	"ForeignPurchaseCreditAcc": "null",
	"SalesCreditAcc": "null",
	"SalesCreditEUAcc": "null",
	"ExemptedCredits": "null",
	"SalesCreditForeignAcc": "null",
	"ExpenseOffsettingAccount": "null",
	"WipAccount": "null",
	"ExchangeRateDifferencesAcct": "null",
	"GoodsClearingAcct": "null",
	"NegativeInventoryAdjustmentAccount": "null",
	"CostInflationOffsetAccount": "null",
	"GLDecreaseAcct": "null",
	"GLIncreaseAcct": "null",
	"PAReturnAcct": "null",
	"PurchaseAcct": "null",
	"PurchaseOffsetAcct": "null",
	"ShippedGoodsAccount": "null",
	"StockInflationOffsetAccount": "null",
	"StockInflationAdjustAccount": "null",
	"VATInRevenueAccount": "null",
	"WipVarianceAccount": "null",
	"CostInflationAccount": "null",
	"WHIncomingCenvatAccount": "null",
	"WHOutgoingCenvatAccount": "null",
	"StockInTransitAccount": "null",
	"WipOffsetProfitAndLossAccount": "null",
	"InventoryOffsetProfitAndLossAccount": "null",
	"DefaultBin": "null",
	"DefaultBinEnforced": "tNO",
	"PurchaseBalanceAccount": "null",
	"___FK_ae124f5dfce81c040de63d30": "A00005"
}, {
	"ID": "R57",
	"MinimalStock": 0,
	"MaximalStock": 0,
	"MinimalOrder": 0,
	"StandardAveragePrice": 9998.89,
	"Locked": "tNO",
	"InventoryAccount": "null",
	"CostAccount": "null",
	"TransferAccount": "null",
	"RevenuesAccount": "null",
	"VarienceAccount": "null",
	"DecreasingAccount": "null",
	"IncreasingAccount": "null",
	"ReturningAccount": "null",
	"ExpensesAccount": "null",
	"EURevenuesAccount": "null",
	"EUExpensesAccount": "null",
	"ForeignRevenueAcc": "null",
	"ForeignExpensAcc": "null",
	"ExemptIncomeAcc": "null",
	"PriceDifferenceAcc": "null",
	"WarehouseCode": "WH 01",
	"InStock": 900,
	"Committed": 1900,
	"Ordered": 900,
	"CountedQuantity": 0,
	"WasCounted": "tNO",
	"UserSignature": 1,
	"Counted": 0,
	"ExpenseClearingAct": "null",
	"PurchaseCreditAcc": "null",
	"EUPurchaseCreditAcc": "null",
	"ForeignPurchaseCreditAcc": "null",
	"SalesCreditAcc": "null",
	"SalesCreditEUAcc": "null",
	"ExemptedCredits": "null",
	"SalesCreditForeignAcc": "null",
	"ExpenseOffsettingAccount": "null",
	"WipAccount": "null",
	"ExchangeRateDifferencesAcct": "null",
	"GoodsClearingAcct": "null",
	"NegativeInventoryAdjustmentAccount": "null",
	"CostInflationOffsetAccount": "null",
	"GLDecreaseAcct": "null",
	"GLIncreaseAcct": "null",
	"PAReturnAcct": "null",
	"PurchaseAcct": "null",
	"PurchaseOffsetAcct": "null",
	"ShippedGoodsAccount": "null",
	"StockInflationOffsetAccount": "null",
	"StockInflationAdjustAccount": "null",
	"VATInRevenueAccount": "null",
	"WipVarianceAccount": "null",
	"CostInflationAccount": "null",
	"WHIncomingCenvatAccount": "null",
	"WHOutgoingCenvatAccount": "null",
	"StockInTransitAccount": "null",
	"WipOffsetProfitAndLossAccount": "null",
	"InventoryOffsetProfitAndLossAccount": "null",
	"DefaultBin": "null",
	"DefaultBinEnforced": "tNO",
	"PurchaseBalanceAccount": "null",
	"___FK_ae124f5dfce81c040de63d30": "A001"
}, {
	"ID": "R65",
	"MinimalStock": 0,
	"MaximalStock": 0,
	"MinimalOrder": 0,
	"StandardAveragePrice": 2290.21,
	"Locked": "tNO",
	"InventoryAccount": "null",
	"CostAccount": "null",
	"TransferAccount": "null",
	"RevenuesAccount": "null",
	"VarienceAccount": "null",
	"DecreasingAccount": "null",
	"IncreasingAccount": "null",
	"ReturningAccount": "null",
	"ExpensesAccount": "null",
	"EURevenuesAccount": "null",
	"EUExpensesAccount": "null",
	"ForeignRevenueAcc": "null",
	"ForeignExpensAcc": "null",
	"ExemptIncomeAcc": "null",
	"PriceDifferenceAcc": "null",
	"WarehouseCode": "WH 01",
	"InStock": 961,
	"Committed": 298,
	"Ordered": 40,
	"CountedQuantity": 0,
	"WasCounted": "tNO",
	"UserSignature": 1,
	"Counted": 0,
	"ExpenseClearingAct": "null",
	"PurchaseCreditAcc": "null",
	"EUPurchaseCreditAcc": "null",
	"ForeignPurchaseCreditAcc": "null",
	"SalesCreditAcc": "null",
	"SalesCreditEUAcc": "null",
	"ExemptedCredits": "null",
	"SalesCreditForeignAcc": "null",
	"ExpenseOffsettingAccount": "null",
	"WipAccount": "null",
	"ExchangeRateDifferencesAcct": "null",
	"GoodsClearingAcct": "null",
	"NegativeInventoryAdjustmentAccount": "null",
	"CostInflationOffsetAccount": "null",
	"GLDecreaseAcct": "null",
	"GLIncreaseAcct": "null",
	"PAReturnAcct": "null",
	"PurchaseAcct": "null",
	"PurchaseOffsetAcct": "null",
	"ShippedGoodsAccount": "null",
	"StockInflationOffsetAccount": "null",
	"StockInflationAdjustAccount": "null",
	"VATInRevenueAccount": "null",
	"WipVarianceAccount": "null",
	"CostInflationAccount": "null",
	"WHIncomingCenvatAccount": "null",
	"WHOutgoingCenvatAccount": "null",
	"StockInTransitAccount": "null",
	"WipOffsetProfitAndLossAccount": "null",
	"InventoryOffsetProfitAndLossAccount": "null",
	"DefaultBin": "null",
	"DefaultBinEnforced": "tNO",
	"PurchaseBalanceAccount": "null",
	"___FK_ae124f5dfce81c040de63d30": "C00002"
}, {
	"ID": "R66",
	"MinimalStock": 0,
	"MaximalStock": 0,
	"MinimalOrder": 0,
	"StandardAveragePrice": 300,
	"Locked": "tNO",
	"InventoryAccount": "null",
	"CostAccount": "null",
	"TransferAccount": "null",
	"RevenuesAccount": "null",
	"VarienceAccount": "null",
	"DecreasingAccount": "null",
	"IncreasingAccount": "null",
	"ReturningAccount": "null",
	"ExpensesAccount": "null",
	"EURevenuesAccount": "null",
	"EUExpensesAccount": "null",
	"ForeignRevenueAcc": "null",
	"ForeignExpensAcc": "null",
	"ExemptIncomeAcc": "null",
	"PriceDifferenceAcc": "null",
	"WarehouseCode": "WH 02",
	"InStock": 50,
	"Committed": 200,
	"Ordered": 160,
	"CountedQuantity": 0,
	"WasCounted": "tNO",
	"UserSignature": 1,
	"Counted": 0,
	"ExpenseClearingAct": "null",
	"PurchaseCreditAcc": "null",
	"EUPurchaseCreditAcc": "null",
	"ForeignPurchaseCreditAcc": "null",
	"SalesCreditAcc": "null",
	"SalesCreditEUAcc": "null",
	"ExemptedCredits": "null",
	"SalesCreditForeignAcc": "null",
	"ExpenseOffsettingAccount": "null",
	"WipAccount": "null",
	"ExchangeRateDifferencesAcct": "null",
	"GoodsClearingAcct": "null",
	"NegativeInventoryAdjustmentAccount": "null",
	"CostInflationOffsetAccount": "null",
	"GLDecreaseAcct": "null",
	"GLIncreaseAcct": "null",
	"PAReturnAcct": "null",
	"PurchaseAcct": "null",
	"PurchaseOffsetAcct": "null",
	"ShippedGoodsAccount": "null",
	"StockInflationOffsetAccount": "null",
	"StockInflationAdjustAccount": "null",
	"VATInRevenueAccount": "null",
	"WipVarianceAccount": "null",
	"CostInflationAccount": "null",
	"WHIncomingCenvatAccount": "null",
	"WHOutgoingCenvatAccount": "null",
	"StockInTransitAccount": "null",
	"WipOffsetProfitAndLossAccount": "null",
	"InventoryOffsetProfitAndLossAccount": "null",
	"DefaultBin": "null",
	"DefaultBinEnforced": "tNO",
	"PurchaseBalanceAccount": "null",
	"___FK_ae124f5dfce81c040de63d30": "C00002"
}, {
	"ID": "R73",
	"MinimalStock": 0,
	"MaximalStock": 0,
	"MinimalOrder": 0,
	"StandardAveragePrice": 19.56,
	"Locked": "tNO",
	"InventoryAccount": "null",
	"CostAccount": "null",
	"TransferAccount": "null",
	"RevenuesAccount": "null",
	"VarienceAccount": "null",
	"DecreasingAccount": "null",
	"IncreasingAccount": "null",
	"ReturningAccount": "null",
	"ExpensesAccount": "null",
	"EURevenuesAccount": "null",
	"EUExpensesAccount": "null",
	"ForeignRevenueAcc": "null",
	"ForeignExpensAcc": "null",
	"ExemptIncomeAcc": "null",
	"PriceDifferenceAcc": "null",
	"WarehouseCode": "WH 01",
	"InStock": 885,
	"Committed": 995,
	"Ordered": 70,
	"CountedQuantity": 0,
	"WasCounted": "tNO",
	"UserSignature": 1,
	"Counted": 0,
	"ExpenseClearingAct": "null",
	"PurchaseCreditAcc": "null",
	"EUPurchaseCreditAcc": "null",
	"ForeignPurchaseCreditAcc": "null",
	"SalesCreditAcc": "null",
	"SalesCreditEUAcc": "null",
	"ExemptedCredits": "null",
	"SalesCreditForeignAcc": "null",
	"ExpenseOffsettingAccount": "null",
	"WipAccount": "null",
	"ExchangeRateDifferencesAcct": "null",
	"GoodsClearingAcct": "null",
	"NegativeInventoryAdjustmentAccount": "null",
	"CostInflationOffsetAccount": "null",
	"GLDecreaseAcct": "null",
	"GLIncreaseAcct": "null",
	"PAReturnAcct": "null",
	"PurchaseAcct": "null",
	"PurchaseOffsetAcct": "null",
	"ShippedGoodsAccount": "null",
	"StockInflationOffsetAccount": "null",
	"StockInflationAdjustAccount": "null",
	"VATInRevenueAccount": "null",
	"WipVarianceAccount": "null",
	"CostInflationAccount": "null",
	"WHIncomingCenvatAccount": "null",
	"WHOutgoingCenvatAccount": "null",
	"StockInTransitAccount": "null",
	"WipOffsetProfitAndLossAccount": "null",
	"InventoryOffsetProfitAndLossAccount": "null",
	"DefaultBin": "null",
	"DefaultBinEnforced": "tNO",
	"PurchaseBalanceAccount": "null",
	"___FK_ae124f5dfce81c040de63d30": "I00007"
}, {
	"ID": "R81",
	"MinimalStock": 0,
	"MaximalStock": 0,
	"MinimalOrder": 0,
	"StandardAveragePrice": 0.86,
	"Locked": "tNO",
	"InventoryAccount": "null",
	"CostAccount": "null",
	"TransferAccount": "null",
	"RevenuesAccount": "null",
	"VarienceAccount": "null",
	"DecreasingAccount": "null",
	"IncreasingAccount": "null",
	"ReturningAccount": "null",
	"ExpensesAccount": "null",
	"EURevenuesAccount": "null",
	"EUExpensesAccount": "null",
	"ForeignRevenueAcc": "null",
	"ForeignExpensAcc": "null",
	"ExemptIncomeAcc": "null",
	"PriceDifferenceAcc": "null",
	"WarehouseCode": "WH 01",
	"InStock": 500,
	"Committed": 567,
	"Ordered": 0,
	"CountedQuantity": 0,
	"WasCounted": "tNO",
	"UserSignature": 1,
	"Counted": 0,
	"ExpenseClearingAct": "null",
	"PurchaseCreditAcc": "null",
	"EUPurchaseCreditAcc": "null",
	"ForeignPurchaseCreditAcc": "null",
	"SalesCreditAcc": "null",
	"SalesCreditEUAcc": "null",
	"ExemptedCredits": "null",
	"SalesCreditForeignAcc": "null",
	"ExpenseOffsettingAccount": "null",
	"WipAccount": "null",
	"ExchangeRateDifferencesAcct": "null",
	"GoodsClearingAcct": "null",
	"NegativeInventoryAdjustmentAccount": "null",
	"CostInflationOffsetAccount": "null",
	"GLDecreaseAcct": "null",
	"GLIncreaseAcct": "null",
	"PAReturnAcct": "null",
	"PurchaseAcct": "null",
	"PurchaseOffsetAcct": "null",
	"ShippedGoodsAccount": "null",
	"StockInflationOffsetAccount": "null",
	"StockInflationAdjustAccount": "null",
	"VATInRevenueAccount": "null",
	"WipVarianceAccount": "null",
	"CostInflationAccount": "null",
	"WHIncomingCenvatAccount": "null",
	"WHOutgoingCenvatAccount": "null",
	"StockInTransitAccount": "null",
	"WipOffsetProfitAndLossAccount": "null",
	"InventoryOffsetProfitAndLossAccount": "null",
	"DefaultBin": "null",
	"DefaultBinEnforced": "tNO",
	"PurchaseBalanceAccount": "null",
	"___FK_ae124f5dfce81c040de63d30": "B10000"
}, {
	"ID": "R89",
	"MinimalStock": 0,
	"MaximalStock": 0,
	"MinimalOrder": 0,
	"StandardAveragePrice": 27.16,
	"Locked": "tNO",
	"InventoryAccount": "null",
	"CostAccount": "null",
	"TransferAccount": "null",
	"RevenuesAccount": "null",
	"VarienceAccount": "null",
	"DecreasingAccount": "null",
	"IncreasingAccount": "null",
	"ReturningAccount": "null",
	"ExpensesAccount": "null",
	"EURevenuesAccount": "null",
	"EUExpensesAccount": "null",
	"ForeignRevenueAcc": "null",
	"ForeignExpensAcc": "null",
	"ExemptIncomeAcc": "null",
	"PriceDifferenceAcc": "null",
	"WarehouseCode": "WH 01",
	"InStock": 929,
	"Committed": 1145,
	"Ordered": 70,
	"CountedQuantity": 0,
	"WasCounted": "tNO",
	"UserSignature": 1,
	"Counted": 0,
	"ExpenseClearingAct": "null",
	"PurchaseCreditAcc": "null",
	"EUPurchaseCreditAcc": "null",
	"ForeignPurchaseCreditAcc": "null",
	"SalesCreditAcc": "null",
	"SalesCreditEUAcc": "null",
	"ExemptedCredits": "null",
	"SalesCreditForeignAcc": "null",
	"ExpenseOffsettingAccount": "null",
	"WipAccount": "null",
	"ExchangeRateDifferencesAcct": "null",
	"GoodsClearingAcct": "null",
	"NegativeInventoryAdjustmentAccount": "null",
	"CostInflationOffsetAccount": "null",
	"GLDecreaseAcct": "null",
	"GLIncreaseAcct": "null",
	"PAReturnAcct": "null",
	"PurchaseAcct": "null",
	"PurchaseOffsetAcct": "null",
	"ShippedGoodsAccount": "null",
	"StockInflationOffsetAccount": "null",
	"StockInflationAdjustAccount": "null",
	"VATInRevenueAccount": "null",
	"WipVarianceAccount": "null",
	"CostInflationAccount": "null",
	"WHIncomingCenvatAccount": "null",
	"WHOutgoingCenvatAccount": "null",
	"StockInTransitAccount": "null",
	"WipOffsetProfitAndLossAccount": "null",
	"InventoryOffsetProfitAndLossAccount": "null",
	"DefaultBin": "null",
	"DefaultBinEnforced": "tNO",
	"PurchaseBalanceAccount": "null",
	"___FK_ae124f5dfce81c040de63d30": "I00008"
}, {
	"ID": "R97",
	"MinimalStock": 0,
	"MaximalStock": 0,
	"MinimalOrder": 0,
	"StandardAveragePrice": 50,
	"Locked": "tNO",
	"InventoryAccount": "null",
	"CostAccount": "null",
	"TransferAccount": "null",
	"RevenuesAccount": "null",
	"VarienceAccount": "null",
	"DecreasingAccount": "null",
	"IncreasingAccount": "null",
	"ReturningAccount": "null",
	"ExpensesAccount": "null",
	"EURevenuesAccount": "null",
	"EUExpensesAccount": "null",
	"ForeignRevenueAcc": "null",
	"ForeignExpensAcc": "null",
	"ExemptIncomeAcc": "null",
	"PriceDifferenceAcc": "null",
	"WarehouseCode": "WH 01",
	"InStock": 0,
	"Committed": 10,
	"Ordered": 0,
	"CountedQuantity": 0,
	"WasCounted": "tNO",
	"UserSignature": 1,
	"Counted": 0,
	"ExpenseClearingAct": "null",
	"PurchaseCreditAcc": "null",
	"EUPurchaseCreditAcc": "null",
	"ForeignPurchaseCreditAcc": "null",
	"SalesCreditAcc": "null",
	"SalesCreditEUAcc": "null",
	"ExemptedCredits": "null",
	"SalesCreditForeignAcc": "null",
	"ExpenseOffsettingAccount": "null",
	"WipAccount": "null",
	"ExchangeRateDifferencesAcct": "null",
	"GoodsClearingAcct": "null",
	"NegativeInventoryAdjustmentAccount": "null",
	"CostInflationOffsetAccount": "null",
	"GLDecreaseAcct": "null",
	"GLIncreaseAcct": "null",
	"PAReturnAcct": "null",
	"PurchaseAcct": "null",
	"PurchaseOffsetAcct": "null",
	"ShippedGoodsAccount": "null",
	"StockInflationOffsetAccount": "null",
	"StockInflationAdjustAccount": "null",
	"VATInRevenueAccount": "null",
	"WipVarianceAccount": "null",
	"CostInflationAccount": "null",
	"WHIncomingCenvatAccount": "null",
	"WHOutgoingCenvatAccount": "null",
	"StockInTransitAccount": "null",
	"WipOffsetProfitAndLossAccount": "null",
	"InventoryOffsetProfitAndLossAccount": "null",
	"DefaultBin": "null",
	"DefaultBinEnforced": "tNO",
	"PurchaseBalanceAccount": "null",
	"___FK_ae124f5dfce81c040de63d30": "TR0001"
}, {
	"ID": "R98",
	"MinimalStock": 0,
	"MaximalStock": 0,
	"MinimalOrder": 0,
	"StandardAveragePrice": 50,
	"Locked": "tNO",
	"InventoryAccount": "null",
	"CostAccount": "null",
	"TransferAccount": "null",
	"RevenuesAccount": "null",
	"VarienceAccount": "null",
	"DecreasingAccount": "null",
	"IncreasingAccount": "null",
	"ReturningAccount": "null",
	"ExpensesAccount": "null",
	"EURevenuesAccount": "null",
	"EUExpensesAccount": "null",
	"ForeignRevenueAcc": "null",
	"ForeignExpensAcc": "null",
	"ExemptIncomeAcc": "null",
	"PriceDifferenceAcc": "null",
	"WarehouseCode": "WH 02",
	"InStock": 0,
	"Committed": 30,
	"Ordered": 0,
	"CountedQuantity": 0,
	"WasCounted": "tNO",
	"UserSignature": 1,
	"Counted": 0,
	"ExpenseClearingAct": "null",
	"PurchaseCreditAcc": "null",
	"EUPurchaseCreditAcc": "null",
	"ForeignPurchaseCreditAcc": "null",
	"SalesCreditAcc": "null",
	"SalesCreditEUAcc": "null",
	"ExemptedCredits": "null",
	"SalesCreditForeignAcc": "null",
	"ExpenseOffsettingAccount": "null",
	"WipAccount": "null",
	"ExchangeRateDifferencesAcct": "null",
	"GoodsClearingAcct": "null",
	"NegativeInventoryAdjustmentAccount": "null",
	"CostInflationOffsetAccount": "null",
	"GLDecreaseAcct": "null",
	"GLIncreaseAcct": "null",
	"PAReturnAcct": "null",
	"PurchaseAcct": "null",
	"PurchaseOffsetAcct": "null",
	"ShippedGoodsAccount": "null",
	"StockInflationOffsetAccount": "null",
	"StockInflationAdjustAccount": "null",
	"VATInRevenueAccount": "null",
	"WipVarianceAccount": "null",
	"CostInflationAccount": "null",
	"WHIncomingCenvatAccount": "null",
	"WHOutgoingCenvatAccount": "null",
	"StockInTransitAccount": "null",
	"WipOffsetProfitAndLossAccount": "null",
	"InventoryOffsetProfitAndLossAccount": "null",
	"DefaultBin": "null",
	"DefaultBinEnforced": "tNO",
	"PurchaseBalanceAccount": "null",
	"___FK_ae124f5dfce81c040de63d30": "TR0001"
}, {
	"ID": "R105",
	"MinimalStock": 0,
	"MaximalStock": 0,
	"MinimalOrder": 0,
	"StandardAveragePrice": 50,
	"Locked": "tNO",
	"InventoryAccount": "null",
	"CostAccount": "null",
	"TransferAccount": "null",
	"RevenuesAccount": "null",
	"VarienceAccount": "null",
	"DecreasingAccount": "null",
	"IncreasingAccount": "null",
	"ReturningAccount": "null",
	"ExpensesAccount": "null",
	"EURevenuesAccount": "null",
	"EUExpensesAccount": "null",
	"ForeignRevenueAcc": "null",
	"ForeignExpensAcc": "null",
	"ExemptIncomeAcc": "null",
	"PriceDifferenceAcc": "null",
	"WarehouseCode": "WH 01",
	"InStock": 0,
	"Committed": 14,
	"Ordered": 0,
	"CountedQuantity": 0,
	"WasCounted": "tNO",
	"UserSignature": 1,
	"Counted": 0,
	"ExpenseClearingAct": "null",
	"PurchaseCreditAcc": "null",
	"EUPurchaseCreditAcc": "null",
	"ForeignPurchaseCreditAcc": "null",
	"SalesCreditAcc": "null",
	"SalesCreditEUAcc": "null",
	"ExemptedCredits": "null",
	"SalesCreditForeignAcc": "null",
	"ExpenseOffsettingAccount": "null",
	"WipAccount": "null",
	"ExchangeRateDifferencesAcct": "null",
	"GoodsClearingAcct": "null",
	"NegativeInventoryAdjustmentAccount": "null",
	"CostInflationOffsetAccount": "null",
	"GLDecreaseAcct": "null",
	"GLIncreaseAcct": "null",
	"PAReturnAcct": "null",
	"PurchaseAcct": "null",
	"PurchaseOffsetAcct": "null",
	"ShippedGoodsAccount": "null",
	"StockInflationOffsetAccount": "null",
	"StockInflationAdjustAccount": "null",
	"VATInRevenueAccount": "null",
	"WipVarianceAccount": "null",
	"CostInflationAccount": "null",
	"WHIncomingCenvatAccount": "null",
	"WHOutgoingCenvatAccount": "null",
	"StockInTransitAccount": "null",
	"WipOffsetProfitAndLossAccount": "null",
	"InventoryOffsetProfitAndLossAccount": "null",
	"DefaultBin": "null",
	"DefaultBinEnforced": "tNO",
	"PurchaseBalanceAccount": "null",
	"___FK_ae124f5dfce81c040de63d30": "LB0002"
}, {
	"ID": "R106",
	"MinimalStock": 0,
	"MaximalStock": 0,
	"MinimalOrder": 0,
	"StandardAveragePrice": 50,
	"Locked": "tNO",
	"InventoryAccount": "null",
	"CostAccount": "null",
	"TransferAccount": "null",
	"RevenuesAccount": "null",
	"VarienceAccount": "null",
	"DecreasingAccount": "null",
	"IncreasingAccount": "null",
	"ReturningAccount": "null",
	"ExpensesAccount": "null",
	"EURevenuesAccount": "null",
	"EUExpensesAccount": "null",
	"ForeignRevenueAcc": "null",
	"ForeignExpensAcc": "null",
	"ExemptIncomeAcc": "null",
	"PriceDifferenceAcc": "null",
	"WarehouseCode": "WH 02",
	"InStock": 0,
	"Committed": 20,
	"Ordered": 0,
	"CountedQuantity": 0,
	"WasCounted": "tNO",
	"UserSignature": 1,
	"Counted": 0,
	"ExpenseClearingAct": "null",
	"PurchaseCreditAcc": "null",
	"EUPurchaseCreditAcc": "null",
	"ForeignPurchaseCreditAcc": "null",
	"SalesCreditAcc": "null",
	"SalesCreditEUAcc": "null",
	"ExemptedCredits": "null",
	"SalesCreditForeignAcc": "null",
	"ExpenseOffsettingAccount": "null",
	"WipAccount": "null",
	"ExchangeRateDifferencesAcct": "null",
	"GoodsClearingAcct": "null",
	"NegativeInventoryAdjustmentAccount": "null",
	"CostInflationOffsetAccount": "null",
	"GLDecreaseAcct": "null",
	"GLIncreaseAcct": "null",
	"PAReturnAcct": "null",
	"PurchaseAcct": "null",
	"PurchaseOffsetAcct": "null",
	"ShippedGoodsAccount": "null",
	"StockInflationOffsetAccount": "null",
	"StockInflationAdjustAccount": "null",
	"VATInRevenueAccount": "null",
	"WipVarianceAccount": "null",
	"CostInflationAccount": "null",
	"WHIncomingCenvatAccount": "null",
	"WHOutgoingCenvatAccount": "null",
	"StockInTransitAccount": "null",
	"WipOffsetProfitAndLossAccount": "null",
	"InventoryOffsetProfitAndLossAccount": "null",
	"DefaultBin": "null",
	"DefaultBinEnforced": "tNO",
	"PurchaseBalanceAccount": "null",
	"___FK_ae124f5dfce81c040de63d30": "LB0002"
}, {
	"ID": "R113",
	"MinimalStock": 0,
	"MaximalStock": 0,
	"MinimalOrder": 0,
	"StandardAveragePrice": 108.11,
	"Locked": "tNO",
	"InventoryAccount": "null",
	"CostAccount": "null",
	"TransferAccount": "null",
	"RevenuesAccount": "null",
	"VarienceAccount": "null",
	"DecreasingAccount": "null",
	"IncreasingAccount": "null",
	"ReturningAccount": "null",
	"ExpensesAccount": "null",
	"EURevenuesAccount": "null",
	"EUExpensesAccount": "null",
	"ForeignRevenueAcc": "null",
	"ForeignExpensAcc": "null",
	"ExemptIncomeAcc": "null",
	"PriceDifferenceAcc": "null",
	"WarehouseCode": "WH 01",
	"InStock": 927,
	"Committed": 1026,
	"Ordered": 70,
	"CountedQuantity": 0,
	"WasCounted": "tNO",
	"UserSignature": 1,
	"Counted": 0,
	"ExpenseClearingAct": "null",
	"PurchaseCreditAcc": "null",
	"EUPurchaseCreditAcc": "null",
	"ForeignPurchaseCreditAcc": "null",
	"SalesCreditAcc": "null",
	"SalesCreditEUAcc": "null",
	"ExemptedCredits": "null",
	"SalesCreditForeignAcc": "null",
	"ExpenseOffsettingAccount": "null",
	"WipAccount": "null",
	"ExchangeRateDifferencesAcct": "null",
	"GoodsClearingAcct": "null",
	"NegativeInventoryAdjustmentAccount": "null",
	"CostInflationOffsetAccount": "null",
	"GLDecreaseAcct": "null",
	"GLIncreaseAcct": "null",
	"PAReturnAcct": "null",
	"PurchaseAcct": "null",
	"PurchaseOffsetAcct": "null",
	"ShippedGoodsAccount": "null",
	"StockInflationOffsetAccount": "null",
	"StockInflationAdjustAccount": "null",
	"VATInRevenueAccount": "null",
	"WipVarianceAccount": "null",
	"CostInflationAccount": "null",
	"WHIncomingCenvatAccount": "null",
	"WHOutgoingCenvatAccount": "null",
	"StockInTransitAccount": "null",
	"WipOffsetProfitAndLossAccount": "null",
	"InventoryOffsetProfitAndLossAccount": "null",
	"DefaultBin": "null",
	"DefaultBinEnforced": "tNO",
	"PurchaseBalanceAccount": "null",
	"___FK_ae124f5dfce81c040de63d30": "I00009"
}, {
	"ID": "R121",
	"MinimalStock": 0,
	"MaximalStock": 0,
	"MinimalOrder": 0,
	"StandardAveragePrice": 73.12,
	"Locked": "tNO",
	"InventoryAccount": "null",
	"CostAccount": "null",
	"TransferAccount": "null",
	"RevenuesAccount": "null",
	"VarienceAccount": "null",
	"DecreasingAccount": "null",
	"IncreasingAccount": "null",
	"ReturningAccount": "null",
	"ExpensesAccount": "null",
	"EURevenuesAccount": "null",
	"EUExpensesAccount": "null",
	"ForeignRevenueAcc": "null",
	"ForeignExpensAcc": "null",
	"ExemptIncomeAcc": "null",
	"PriceDifferenceAcc": "null",
	"WarehouseCode": "WH 01",
	"InStock": 501,
	"Committed": 769,
	"Ordered": 170,
	"CountedQuantity": 0,
	"WasCounted": "tNO",
	"UserSignature": 1,
	"Counted": 0,
	"ExpenseClearingAct": "null",
	"PurchaseCreditAcc": "null",
	"EUPurchaseCreditAcc": "null",
	"ForeignPurchaseCreditAcc": "null",
	"SalesCreditAcc": "null",
	"SalesCreditEUAcc": "null",
	"ExemptedCredits": "null",
	"SalesCreditForeignAcc": "null",
	"ExpenseOffsettingAccount": "null",
	"WipAccount": "null",
	"ExchangeRateDifferencesAcct": "null",
	"GoodsClearingAcct": "null",
	"NegativeInventoryAdjustmentAccount": "null",
	"CostInflationOffsetAccount": "null",
	"GLDecreaseAcct": "null",
	"GLIncreaseAcct": "null",
	"PAReturnAcct": "null",
	"PurchaseAcct": "null",
	"PurchaseOffsetAcct": "null",
	"ShippedGoodsAccount": "null",
	"StockInflationOffsetAccount": "null",
	"StockInflationAdjustAccount": "null",
	"VATInRevenueAccount": "null",
	"WipVarianceAccount": "null",
	"CostInflationAccount": "null",
	"WHIncomingCenvatAccount": "null",
	"WHOutgoingCenvatAccount": "null",
	"StockInTransitAccount": "null",
	"WipOffsetProfitAndLossAccount": "null",
	"InventoryOffsetProfitAndLossAccount": "null",
	"DefaultBin": "null",
	"DefaultBinEnforced": "tNO",
	"PurchaseBalanceAccount": "null",
	"___FK_ae124f5dfce81c040de63d30": "LM4029SB"
}, {
	"ID": "R129",
	"MinimalStock": 0,
	"MaximalStock": 0,
	"MinimalOrder": 0,
	"StandardAveragePrice": 1325.03,
	"Locked": "tNO",
	"InventoryAccount": "null",
	"CostAccount": "null",
	"TransferAccount": "null",
	"RevenuesAccount": "null",
	"VarienceAccount": "null",
	"DecreasingAccount": "null",
	"IncreasingAccount": "null",
	"ReturningAccount": "null",
	"ExpensesAccount": "null",
	"EURevenuesAccount": "null",
	"EUExpensesAccount": "null",
	"ForeignRevenueAcc": "null",
	"ForeignExpensAcc": "null",
	"ExemptIncomeAcc": "null",
	"PriceDifferenceAcc": "null",
	"WarehouseCode": "WH 01",
	"InStock": 10,
	"Committed": 15,
	"Ordered": 0,
	"CountedQuantity": 0,
	"WasCounted": "tNO",
	"UserSignature": 1,
	"Counted": 0,
	"ExpenseClearingAct": "null",
	"PurchaseCreditAcc": "null",
	"EUPurchaseCreditAcc": "null",
	"ForeignPurchaseCreditAcc": "null",
	"SalesCreditAcc": "null",
	"SalesCreditEUAcc": "null",
	"ExemptedCredits": "null",
	"SalesCreditForeignAcc": "null",
	"ExpenseOffsettingAccount": "null",
	"WipAccount": "null",
	"ExchangeRateDifferencesAcct": "null",
	"GoodsClearingAcct": "null",
	"NegativeInventoryAdjustmentAccount": "null",
	"CostInflationOffsetAccount": "null",
	"GLDecreaseAcct": "null",
	"GLIncreaseAcct": "null",
	"PAReturnAcct": "null",
	"PurchaseAcct": "null",
	"PurchaseOffsetAcct": "null",
	"ShippedGoodsAccount": "null",
	"StockInflationOffsetAccount": "null",
	"StockInflationAdjustAccount": "null",
	"VATInRevenueAccount": "null",
	"WipVarianceAccount": "null",
	"CostInflationAccount": "null",
	"WHIncomingCenvatAccount": "null",
	"WHOutgoingCenvatAccount": "null",
	"StockInTransitAccount": "null",
	"WipOffsetProfitAndLossAccount": "null",
	"InventoryOffsetProfitAndLossAccount": "null",
	"DefaultBin": "null",
	"DefaultBinEnforced": "tNO",
	"PurchaseBalanceAccount": "null",
	"___FK_ae124f5dfce81c040de63d30": "P10001"
}, {
	"ID": "R137",
	"MinimalStock": 0,
	"MaximalStock": 0,
	"MinimalOrder": 0,
	"StandardAveragePrice": 1272.27,
	"Locked": "tNO",
	"InventoryAccount": "null",
	"CostAccount": "null",
	"TransferAccount": "null",
	"RevenuesAccount": "null",
	"VarienceAccount": "null",
	"DecreasingAccount": "null",
	"IncreasingAccount": "null",
	"ReturningAccount": "null",
	"ExpensesAccount": "null",
	"EURevenuesAccount": "null",
	"EUExpensesAccount": "null",
	"ForeignRevenueAcc": "null",
	"ForeignExpensAcc": "null",
	"ExemptIncomeAcc": "null",
	"PriceDifferenceAcc": "null",
	"WarehouseCode": "WH 01",
	"InStock": 0,
	"Committed": 5,
	"Ordered": 0,
	"CountedQuantity": 0,
	"WasCounted": "tNO",
	"UserSignature": 1,
	"Counted": 0,
	"ExpenseClearingAct": "null",
	"PurchaseCreditAcc": "null",
	"EUPurchaseCreditAcc": "null",
	"ForeignPurchaseCreditAcc": "null",
	"SalesCreditAcc": "null",
	"SalesCreditEUAcc": "null",
	"ExemptedCredits": "null",
	"SalesCreditForeignAcc": "null",
	"ExpenseOffsettingAccount": "null",
	"WipAccount": "null",
	"ExchangeRateDifferencesAcct": "null",
	"GoodsClearingAcct": "null",
	"NegativeInventoryAdjustmentAccount": "null",
	"CostInflationOffsetAccount": "null",
	"GLDecreaseAcct": "null",
	"GLIncreaseAcct": "null",
	"PAReturnAcct": "null",
	"PurchaseAcct": "null",
	"PurchaseOffsetAcct": "null",
	"ShippedGoodsAccount": "null",
	"StockInflationOffsetAccount": "null",
	"StockInflationAdjustAccount": "null",
	"VATInRevenueAccount": "null",
	"WipVarianceAccount": "null",
	"CostInflationAccount": "null",
	"WHIncomingCenvatAccount": "null",
	"WHOutgoingCenvatAccount": "null",
	"StockInTransitAccount": "null",
	"WipOffsetProfitAndLossAccount": "null",
	"InventoryOffsetProfitAndLossAccount": "null",
	"DefaultBin": "null",
	"DefaultBinEnforced": "tNO",
	"PurchaseBalanceAccount": "null",
	"___FK_ae124f5dfce81c040de63d30": "P10002"
}, {
	"ID": "R138",
	"MinimalStock": 0,
	"MaximalStock": 0,
	"MinimalOrder": 0,
	"StandardAveragePrice": 0,
	"Locked": "tNO",
	"InventoryAccount": "null",
	"CostAccount": "null",
	"TransferAccount": "null",
	"RevenuesAccount": "null",
	"VarienceAccount": "null",
	"DecreasingAccount": "null",
	"IncreasingAccount": "null",
	"ReturningAccount": "null",
	"ExpensesAccount": "null",
	"EURevenuesAccount": "null",
	"EUExpensesAccount": "null",
	"ForeignRevenueAcc": "null",
	"ForeignExpensAcc": "null",
	"ExemptIncomeAcc": "null",
	"PriceDifferenceAcc": "null",
	"WarehouseCode": "WH 02",
	"InStock": 0,
	"Committed": 4,
	"Ordered": 0,
	"CountedQuantity": 0,
	"WasCounted": "tNO",
	"UserSignature": 1,
	"Counted": 0,
	"ExpenseClearingAct": "null",
	"PurchaseCreditAcc": "null",
	"EUPurchaseCreditAcc": "null",
	"ForeignPurchaseCreditAcc": "null",
	"SalesCreditAcc": "null",
	"SalesCreditEUAcc": "null",
	"ExemptedCredits": "null",
	"SalesCreditForeignAcc": "null",
	"ExpenseOffsettingAccount": "null",
	"WipAccount": "null",
	"ExchangeRateDifferencesAcct": "null",
	"GoodsClearingAcct": "null",
	"NegativeInventoryAdjustmentAccount": "null",
	"CostInflationOffsetAccount": "null",
	"GLDecreaseAcct": "null",
	"GLIncreaseAcct": "null",
	"PAReturnAcct": "null",
	"PurchaseAcct": "null",
	"PurchaseOffsetAcct": "null",
	"ShippedGoodsAccount": "null",
	"StockInflationOffsetAccount": "null",
	"StockInflationAdjustAccount": "null",
	"VATInRevenueAccount": "null",
	"WipVarianceAccount": "null",
	"CostInflationAccount": "null",
	"WHIncomingCenvatAccount": "null",
	"WHOutgoingCenvatAccount": "null",
	"StockInTransitAccount": "null",
	"WipOffsetProfitAndLossAccount": "null",
	"InventoryOffsetProfitAndLossAccount": "null",
	"DefaultBin": "null",
	"DefaultBinEnforced": "tNO",
	"PurchaseBalanceAccount": "null",
	"___FK_ae124f5dfce81c040de63d30": "P10002"
}, {
	"ID": "R145",
	"MinimalStock": 0,
	"MaximalStock": 0,
	"MinimalOrder": 0,
	"StandardAveragePrice": 1622.71,
	"Locked": "tNO",
	"InventoryAccount": "null",
	"CostAccount": "null",
	"TransferAccount": "null",
	"RevenuesAccount": "null",
	"VarienceAccount": "null",
	"DecreasingAccount": "null",
	"IncreasingAccount": "null",
	"ReturningAccount": "null",
	"ExpensesAccount": "null",
	"EURevenuesAccount": "null",
	"EUExpensesAccount": "null",
	"ForeignRevenueAcc": "null",
	"ForeignExpensAcc": "null",
	"ExemptIncomeAcc": "null",
	"PriceDifferenceAcc": "null",
	"WarehouseCode": "WH 01",
	"InStock": 15,
	"Committed": 43,
	"Ordered": 0,
	"CountedQuantity": 0,
	"WasCounted": "tNO",
	"UserSignature": 1,
	"Counted": 0,
	"ExpenseClearingAct": "null",
	"PurchaseCreditAcc": "null",
	"EUPurchaseCreditAcc": "null",
	"ForeignPurchaseCreditAcc": "null",
	"SalesCreditAcc": "null",
	"SalesCreditEUAcc": "null",
	"ExemptedCredits": "null",
	"SalesCreditForeignAcc": "null",
	"ExpenseOffsettingAccount": "null",
	"WipAccount": "null",
	"ExchangeRateDifferencesAcct": "null",
	"GoodsClearingAcct": "null",
	"NegativeInventoryAdjustmentAccount": "null",
	"CostInflationOffsetAccount": "null",
	"GLDecreaseAcct": "null",
	"GLIncreaseAcct": "null",
	"PAReturnAcct": "null",
	"PurchaseAcct": "null",
	"PurchaseOffsetAcct": "null",
	"ShippedGoodsAccount": "null",
	"StockInflationOffsetAccount": "null",
	"StockInflationAdjustAccount": "null",
	"VATInRevenueAccount": "null",
	"WipVarianceAccount": "null",
	"CostInflationAccount": "null",
	"WHIncomingCenvatAccount": "null",
	"WHOutgoingCenvatAccount": "null",
	"StockInTransitAccount": "null",
	"WipOffsetProfitAndLossAccount": "null",
	"InventoryOffsetProfitAndLossAccount": "null",
	"DefaultBin": "null",
	"DefaultBinEnforced": "tNO",
	"PurchaseBalanceAccount": "null",
	"___FK_ae124f5dfce81c040de63d30": "P10003"
}, {
	"ID": "R153",
	"MinimalStock": 0,
	"MaximalStock": 0,
	"MinimalOrder": 0,
	"StandardAveragePrice": 1769.81,
	"Locked": "tNO",
	"InventoryAccount": "null",
	"CostAccount": "null",
	"TransferAccount": "null",
	"RevenuesAccount": "null",
	"VarienceAccount": "null",
	"DecreasingAccount": "null",
	"IncreasingAccount": "null",
	"ReturningAccount": "null",
	"ExpensesAccount": "null",
	"EURevenuesAccount": "null",
	"EUExpensesAccount": "null",
	"ForeignRevenueAcc": "null",
	"ForeignExpensAcc": "null",
	"ExemptIncomeAcc": "null",
	"PriceDifferenceAcc": "null",
	"WarehouseCode": "WH 01",
	"InStock": 10,
	"Committed": 34,
	"Ordered": 0,
	"CountedQuantity": 0,
	"WasCounted": "tNO",
	"UserSignature": 1,
	"Counted": 0,
	"ExpenseClearingAct": "null",
	"PurchaseCreditAcc": "null",
	"EUPurchaseCreditAcc": "null",
	"ForeignPurchaseCreditAcc": "null",
	"SalesCreditAcc": "null",
	"SalesCreditEUAcc": "null",
	"ExemptedCredits": "null",
	"SalesCreditForeignAcc": "null",
	"ExpenseOffsettingAccount": "null",
	"WipAccount": "null",
	"ExchangeRateDifferencesAcct": "null",
	"GoodsClearingAcct": "null",
	"NegativeInventoryAdjustmentAccount": "null",
	"CostInflationOffsetAccount": "null",
	"GLDecreaseAcct": "null",
	"GLIncreaseAcct": "null",
	"PAReturnAcct": "null",
	"PurchaseAcct": "null",
	"PurchaseOffsetAcct": "null",
	"ShippedGoodsAccount": "null",
	"StockInflationOffsetAccount": "null",
	"StockInflationAdjustAccount": "null",
	"VATInRevenueAccount": "null",
	"WipVarianceAccount": "null",
	"CostInflationAccount": "null",
	"WHIncomingCenvatAccount": "null",
	"WHOutgoingCenvatAccount": "null",
	"StockInTransitAccount": "null",
	"WipOffsetProfitAndLossAccount": "null",
	"InventoryOffsetProfitAndLossAccount": "null",
	"DefaultBin": "null",
	"DefaultBinEnforced": "tNO",
	"PurchaseBalanceAccount": "null",
	"___FK_ae124f5dfce81c040de63d30": "P10004"
}]