[{
	"ID": "1",
	"PriceList": 1,
	"Price": 6880,
	"Currency": "$",
	"AdditionalPrice1": "0",
	"AdditionalCurrency1": "null",
	"AdditionalPrice2": "0",
	"AdditionalCurrency2": "null",
	"BasePriceList": 1,
	"Factor": 1,
	"___FK_d01941ba9cfb379c0de0e60e": "i01"
}, {
	"ID": "2",
	"PriceList": 2,
	"Price": 3440,
	"Currency": "$",
	"AdditionalPrice1": "0",
	"AdditionalCurrency1": "",
	"AdditionalPrice2": "0",
	"AdditionalCurrency2": "",
	"BasePriceList": 1,
	"Factor": 0.5,
	"___FK_d01941ba9cfb379c0de0e60e": "i01"
}, {
	"ID": "3",
	"PriceList": 3,
	"Price": 5160,
	"Currency": "$",
	"AdditionalPrice1": "0",
	"AdditionalCurrency1": "",
	"AdditionalPrice2": "0",
	"AdditionalCurrency2": "",
	"BasePriceList": 1,
	"Factor": 0.75,
	"___FK_d01941ba9cfb379c0de0e60e": "i01"
}, {
	"ID": "4",
	"PriceList": 4,
	"Price": 8600,
	"Currency": "$",
	"AdditionalPrice1": "0",
	"AdditionalCurrency1": "",
	"AdditionalPrice2": "0",
	"AdditionalCurrency2": "",
	"BasePriceList": 1,
	"Factor": 1.25,
	"___FK_d01941ba9cfb379c0de0e60e": "i01"
}, {
	"ID": "5",
	"PriceList": 5,
	"Price": 10320,
	"Currency": "$",
	"AdditionalPrice1": "0",
	"AdditionalCurrency1": "",
	"AdditionalPrice2": "0",
	"AdditionalCurrency2": "",
	"BasePriceList": -1,
	"Factor": 1.5,
	"___FK_d01941ba9cfb379c0de0e60e": "i01"
}, {
	"ID": "6",
	"PriceList": 6,
	"Price": 13760,
	"Currency": "$",
	"AdditionalPrice1": "0",
	"AdditionalCurrency1": "",
	"AdditionalPrice2": "0",
	"AdditionalCurrency2": "",
	"BasePriceList": -1,
	"Factor": 2,
	"___FK_d01941ba9cfb379c0de0e60e": "i01"
}, {
	"ID": "7",
	"PriceList": 1,
	"Price": 400,
	"Currency": "$",
	"AdditionalPrice1": "null",
	"AdditionalCurrency1": "null",
	"AdditionalPrice2": "null",
	"AdditionalCurrency2": "null",
	"BasePriceList": 1,
	"Factor": 1,
	"___FK_d01941ba9cfb379c0de0e60e": "C00001"
}, {
	"ID": "8",
	"PriceList": 2,
	"Price": 200,
	"Currency": "$",
	"AdditionalPrice1": "null",
	"AdditionalCurrency1": "null",
	"AdditionalPrice2": "null",
	"AdditionalCurrency2": "null",
	"BasePriceList": 1,
	"Factor": 0.5,
	"___FK_d01941ba9cfb379c0de0e60e": "C00001"
}, {
	"ID": "9",
	"PriceList": 3,
	"Price": 300,
	"Currency": "$",
	"AdditionalPrice1": "null",
	"AdditionalCurrency1": "null",
	"AdditionalPrice2": "null",
	"AdditionalCurrency2": "null",
	"BasePriceList": 1,
	"Factor": 0.75,
	"___FK_d01941ba9cfb379c0de0e60e": "C00001"
}, {
	"ID": "10",
	"PriceList": 4,
	"Price": 500,
	"Currency": "$",
	"AdditionalPrice1": "null",
	"AdditionalCurrency1": "null",
	"AdditionalPrice2": "null",
	"AdditionalCurrency2": "null",
	"BasePriceList": 1,
	"Factor": 1.25,
	"___FK_d01941ba9cfb379c0de0e60e": "C00001"
}, {
	"ID": "11",
	"PriceList": 5,
	"Price": 1800000,
	"Currency": "$",
	"AdditionalPrice1": "0",
	"AdditionalCurrency1": "null",
	"AdditionalPrice2": "0",
	"AdditionalCurrency2": "null",
	"BasePriceList": -1,
	"Factor": 1.5,
	"___FK_d01941ba9cfb379c0de0e60e": "C00001"
}, {
	"ID": "12",
	"PriceList": 6,
	"Price": 2400000,
	"Currency": "$",
	"AdditionalPrice1": "0",
	"AdditionalCurrency1": "null",
	"AdditionalPrice2": "0",
	"AdditionalCurrency2": "null",
	"BasePriceList": -1,
	"Factor": 2,
	"___FK_d01941ba9cfb379c0de0e60e": "C00001"
}, {
	"ID": "13",
	"PriceList": 1,
	"Price": 80,
	"Currency": "$",
	"AdditionalPrice1": "null",
	"AdditionalCurrency1": "null",
	"AdditionalPrice2": "null",
	"AdditionalCurrency2": "null",
	"BasePriceList": 1,
	"Factor": 1,
	"___FK_d01941ba9cfb379c0de0e60e": "I00006"
}, {
	"ID": "14",
	"PriceList": 2,
	"Price": 40,
	"Currency": "$",
	"AdditionalPrice1": "null",
	"AdditionalCurrency1": "null",
	"AdditionalPrice2": "null",
	"AdditionalCurrency2": "null",
	"BasePriceList": 1,
	"Factor": 0.5,
	"___FK_d01941ba9cfb379c0de0e60e": "I00006"
}, {
	"ID": "15",
	"PriceList": 3,
	"Price": 60,
	"Currency": "$",
	"AdditionalPrice1": "null",
	"AdditionalCurrency1": "null",
	"AdditionalPrice2": "null",
	"AdditionalCurrency2": "null",
	"BasePriceList": 1,
	"Factor": 0.75,
	"___FK_d01941ba9cfb379c0de0e60e": "I00006"
}, {
	"ID": "16",
	"PriceList": 4,
	"Price": 100,
	"Currency": "$",
	"AdditionalPrice1": "null",
	"AdditionalCurrency1": "null",
	"AdditionalPrice2": "null",
	"AdditionalCurrency2": "null",
	"BasePriceList": 1,
	"Factor": 1.25,
	"___FK_d01941ba9cfb379c0de0e60e": "I00006"
}, {
	"ID": "17",
	"PriceList": 5,
	"Price": 120,
	"Currency": "$",
	"AdditionalPrice1": "0",
	"AdditionalCurrency1": "null",
	"AdditionalPrice2": "0",
	"AdditionalCurrency2": "null",
	"BasePriceList": -1,
	"Factor": 1.5,
	"___FK_d01941ba9cfb379c0de0e60e": "I00006"
}, {
	"ID": "18",
	"PriceList": 6,
	"Price": 160,
	"Currency": "$",
	"AdditionalPrice1": "0",
	"AdditionalCurrency1": "null",
	"AdditionalPrice2": "0",
	"AdditionalCurrency2": "null",
	"BasePriceList": -1,
	"Factor": 2,
	"___FK_d01941ba9cfb379c0de0e60e": "I00006"
}, {
	"ID": "19",
	"PriceList": 1,
	"Price": 600,
	"Currency": "$",
	"AdditionalPrice1": "null",
	"AdditionalCurrency1": "null",
	"AdditionalPrice2": "null",
	"AdditionalCurrency2": "null",
	"BasePriceList": 1,
	"Factor": 1,
	"___FK_d01941ba9cfb379c0de0e60e": "I00010"
}, {
	"ID": "20",
	"PriceList": 2,
	"Price": 300,
	"Currency": "$",
	"AdditionalPrice1": "null",
	"AdditionalCurrency1": "null",
	"AdditionalPrice2": "null",
	"AdditionalCurrency2": "null",
	"BasePriceList": 1,
	"Factor": 0.5,
	"___FK_d01941ba9cfb379c0de0e60e": "I00010"
}, {
	"ID": "21",
	"PriceList": 3,
	"Price": 450,
	"Currency": "$",
	"AdditionalPrice1": "null",
	"AdditionalCurrency1": "null",
	"AdditionalPrice2": "null",
	"AdditionalCurrency2": "null",
	"BasePriceList": 1,
	"Factor": 0.75,
	"___FK_d01941ba9cfb379c0de0e60e": "I00010"
}, {
	"ID": "22",
	"PriceList": 4,
	"Price": 750,
	"Currency": "$",
	"AdditionalPrice1": "null",
	"AdditionalCurrency1": "null",
	"AdditionalPrice2": "null",
	"AdditionalCurrency2": "null",
	"BasePriceList": 1,
	"Factor": 1.25,
	"___FK_d01941ba9cfb379c0de0e60e": "I00010"
}, {
	"ID": "23",
	"PriceList": 5,
	"Price": 675,
	"Currency": "$",
	"AdditionalPrice1": "0",
	"AdditionalCurrency1": "null",
	"AdditionalPrice2": "0",
	"AdditionalCurrency2": "null",
	"BasePriceList": -1,
	"Factor": 1.5,
	"___FK_d01941ba9cfb379c0de0e60e": "I00010"
}, {
	"ID": "24",
	"PriceList": 6,
	"Price": 900,
	"Currency": "$",
	"AdditionalPrice1": "0",
	"AdditionalCurrency1": "null",
	"AdditionalPrice2": "0",
	"AdditionalCurrency2": "null",
	"BasePriceList": -1,
	"Factor": 2,
	"___FK_d01941ba9cfb379c0de0e60e": "I00010"
}, {
	"ID": "25",
	"PriceList": 1,
	"Price": 500,
	"Currency": "$",
	"AdditionalPrice1": "null",
	"AdditionalCurrency1": "null",
	"AdditionalPrice2": "null",
	"AdditionalCurrency2": "null",
	"BasePriceList": 1,
	"Factor": 1,
	"___FK_d01941ba9cfb379c0de0e60e": "A00004"
}, {
	"ID": "26",
	"PriceList": 2,
	"Price": 250,
	"Currency": "$",
	"AdditionalPrice1": "null",
	"AdditionalCurrency1": "null",
	"AdditionalPrice2": "null",
	"AdditionalCurrency2": "null",
	"BasePriceList": 1,
	"Factor": 0.5,
	"___FK_d01941ba9cfb379c0de0e60e": "A00004"
}, {
	"ID": "27",
	"PriceList": 3,
	"Price": 375,
	"Currency": "$",
	"AdditionalPrice1": "null",
	"AdditionalCurrency1": "null",
	"AdditionalPrice2": "null",
	"AdditionalCurrency2": "null",
	"BasePriceList": 1,
	"Factor": 0.75,
	"___FK_d01941ba9cfb379c0de0e60e": "A00004"
}, {
	"ID": "28",
	"PriceList": 4,
	"Price": 625,
	"Currency": "$",
	"AdditionalPrice1": "null",
	"AdditionalCurrency1": "null",
	"AdditionalPrice2": "null",
	"AdditionalCurrency2": "null",
	"BasePriceList": 1,
	"Factor": 1.25,
	"___FK_d01941ba9cfb379c0de0e60e": "A00004"
}, {
	"ID": "29",
	"PriceList": 5,
	"Price": 4500000,
	"Currency": "$",
	"AdditionalPrice1": "0",
	"AdditionalCurrency1": "null",
	"AdditionalPrice2": "0",
	"AdditionalCurrency2": "null",
	"BasePriceList": -1,
	"Factor": 1.5,
	"___FK_d01941ba9cfb379c0de0e60e": "A00004"
}, {
	"ID": "30",
	"PriceList": 6,
	"Price": 6000000,
	"Currency": "$",
	"AdditionalPrice1": "0",
	"AdditionalCurrency1": "null",
	"AdditionalPrice2": "0",
	"AdditionalCurrency2": "null",
	"BasePriceList": -1,
	"Factor": 2,
	"___FK_d01941ba9cfb379c0de0e60e": "A00004"
}, {
	"ID": "31",
	"PriceList": 1,
	"Price": 3,
	"Currency": "$",
	"AdditionalPrice1": "null",
	"AdditionalCurrency1": "null",
	"AdditionalPrice2": "null",
	"AdditionalCurrency2": "null",
	"BasePriceList": 1,
	"Factor": 1,
	"___FK_d01941ba9cfb379c0de0e60e": "I00001"
}, {
	"ID": "32",
	"PriceList": 2,
	"Price": 1.5,
	"Currency": "$",
	"AdditionalPrice1": "null",
	"AdditionalCurrency1": "null",
	"AdditionalPrice2": "null",
	"AdditionalCurrency2": "null",
	"BasePriceList": 1,
	"Factor": 0.5,
	"___FK_d01941ba9cfb379c0de0e60e": "I00001"
}, {
	"ID": "33",
	"PriceList": 3,
	"Price": 2.25,
	"Currency": "$",
	"AdditionalPrice1": "null",
	"AdditionalCurrency1": "null",
	"AdditionalPrice2": "null",
	"AdditionalCurrency2": "null",
	"BasePriceList": 1,
	"Factor": 0.75,
	"___FK_d01941ba9cfb379c0de0e60e": "I00001"
}, {
	"ID": "34",
	"PriceList": 4,
	"Price": 3.75,
	"Currency": "$",
	"AdditionalPrice1": "null",
	"AdditionalCurrency1": "null",
	"AdditionalPrice2": "null",
	"AdditionalCurrency2": "null",
	"BasePriceList": 1,
	"Factor": 1.25,
	"___FK_d01941ba9cfb379c0de0e60e": "I00001"
}, {
	"ID": "35",
	"PriceList": 5,
	"Price": 3.38,
	"Currency": "$",
	"AdditionalPrice1": "0",
	"AdditionalCurrency1": "null",
	"AdditionalPrice2": "0",
	"AdditionalCurrency2": "null",
	"BasePriceList": -1,
	"Factor": 1.5,
	"___FK_d01941ba9cfb379c0de0e60e": "I00001"
}, {
	"ID": "36",
	"PriceList": 6,
	"Price": 4.5,
	"Currency": "$",
	"AdditionalPrice1": "0",
	"AdditionalCurrency1": "null",
	"AdditionalPrice2": "0",
	"AdditionalCurrency2": "null",
	"BasePriceList": -1,
	"Factor": 2,
	"___FK_d01941ba9cfb379c0de0e60e": "I00001"
}, {
	"ID": "37",
	"PriceList": 1,
	"Price": 400,
	"Currency": "$",
	"AdditionalPrice1": "null",
	"AdditionalCurrency1": "null",
	"AdditionalPrice2": "null",
	"AdditionalCurrency2": "null",
	"BasePriceList": 1,
	"Factor": 1,
	"___FK_d01941ba9cfb379c0de0e60e": "A00005"
}, {
	"ID": "38",
	"PriceList": 2,
	"Price": 200,
	"Currency": "$",
	"AdditionalPrice1": "null",
	"AdditionalCurrency1": "null",
	"AdditionalPrice2": "null",
	"AdditionalCurrency2": "null",
	"BasePriceList": 1,
	"Factor": 0.5,
	"___FK_d01941ba9cfb379c0de0e60e": "A00005"
}, {
	"ID": "39",
	"PriceList": 3,
	"Price": 300,
	"Currency": "$",
	"AdditionalPrice1": "null",
	"AdditionalCurrency1": "null",
	"AdditionalPrice2": "null",
	"AdditionalCurrency2": "null",
	"BasePriceList": 1,
	"Factor": 0.75,
	"___FK_d01941ba9cfb379c0de0e60e": "A00005"
}, {
	"ID": "40",
	"PriceList": 4,
	"Price": 500,
	"Currency": "$",
	"AdditionalPrice1": "null",
	"AdditionalCurrency1": "null",
	"AdditionalPrice2": "null",
	"AdditionalCurrency2": "null",
	"BasePriceList": 1,
	"Factor": 1.25,
	"___FK_d01941ba9cfb379c0de0e60e": "A00005"
}, {
	"ID": "41",
	"PriceList": 5,
	"Price": 300,
	"Currency": "$",
	"AdditionalPrice1": "0",
	"AdditionalCurrency1": "null",
	"AdditionalPrice2": "0",
	"AdditionalCurrency2": "null",
	"BasePriceList": -1,
	"Factor": 1.5,
	"___FK_d01941ba9cfb379c0de0e60e": "A00005"
}, {
	"ID": "42",
	"PriceList": 6,
	"Price": 400,
	"Currency": "$",
	"AdditionalPrice1": "0",
	"AdditionalCurrency1": "null",
	"AdditionalPrice2": "0",
	"AdditionalCurrency2": "null",
	"BasePriceList": -1,
	"Factor": 2,
	"___FK_d01941ba9cfb379c0de0e60e": "A00005"
}, {
	"ID": "43",
	"PriceList": 1,
	"Price": 10,
	"Currency": "$",
	"AdditionalPrice1": "0",
	"AdditionalCurrency1": "null",
	"AdditionalPrice2": "0",
	"AdditionalCurrency2": "null",
	"BasePriceList": 1,
	"Factor": 1,
	"___FK_d01941ba9cfb379c0de0e60e": "A001"
}, {
	"ID": "44",
	"PriceList": 2,
	"Price": 5,
	"Currency": "$",
	"AdditionalPrice1": "0",
	"AdditionalCurrency1": "",
	"AdditionalPrice2": "0",
	"AdditionalCurrency2": "",
	"BasePriceList": 1,
	"Factor": 0.5,
	"___FK_d01941ba9cfb379c0de0e60e": "A001"
}, {
	"ID": "45",
	"PriceList": 3,
	"Price": 7.5,
	"Currency": "$",
	"AdditionalPrice1": "0",
	"AdditionalCurrency1": "",
	"AdditionalPrice2": "0",
	"AdditionalCurrency2": "",
	"BasePriceList": 1,
	"Factor": 0.75,
	"___FK_d01941ba9cfb379c0de0e60e": "A001"
}, {
	"ID": "46",
	"PriceList": 4,
	"Price": 12.5,
	"Currency": "$",
	"AdditionalPrice1": "0",
	"AdditionalCurrency1": "",
	"AdditionalPrice2": "0",
	"AdditionalCurrency2": "",
	"BasePriceList": 1,
	"Factor": 1.25,
	"___FK_d01941ba9cfb379c0de0e60e": "A001"
}, {
	"ID": "47",
	"PriceList": 5,
	"Price": 1350000,
	"Currency": "CAN",
	"AdditionalPrice1": "0",
	"AdditionalCurrency1": "",
	"AdditionalPrice2": "0",
	"AdditionalCurrency2": "",
	"BasePriceList": -1,
	"Factor": 1.5,
	"___FK_d01941ba9cfb379c0de0e60e": "A001"
}, {
	"ID": "48",
	"PriceList": 6,
	"Price": 1800000,
	"Currency": "CAN",
	"AdditionalPrice1": "0",
	"AdditionalCurrency1": "",
	"AdditionalPrice2": "0",
	"AdditionalCurrency2": "",
	"BasePriceList": -1,
	"Factor": 2,
	"___FK_d01941ba9cfb379c0de0e60e": "A001"
}, {
	"ID": "49",
	"PriceList": 1,
	"Price": 300,
	"Currency": "$",
	"AdditionalPrice1": "null",
	"AdditionalCurrency1": "null",
	"AdditionalPrice2": "null",
	"AdditionalCurrency2": "null",
	"BasePriceList": 1,
	"Factor": 1,
	"___FK_d01941ba9cfb379c0de0e60e": "C00002"
}, {
	"ID": "50",
	"PriceList": 2,
	"Price": 150,
	"Currency": "$",
	"AdditionalPrice1": "null",
	"AdditionalCurrency1": "null",
	"AdditionalPrice2": "null",
	"AdditionalCurrency2": "null",
	"BasePriceList": 1,
	"Factor": 0.5,
	"___FK_d01941ba9cfb379c0de0e60e": "C00002"
}, {
	"ID": "51",
	"PriceList": 3,
	"Price": 225,
	"Currency": "$",
	"AdditionalPrice1": "null",
	"AdditionalCurrency1": "null",
	"AdditionalPrice2": "null",
	"AdditionalCurrency2": "null",
	"BasePriceList": 1,
	"Factor": 0.75,
	"___FK_d01941ba9cfb379c0de0e60e": "C00002"
}, {
	"ID": "52",
	"PriceList": 4,
	"Price": 375,
	"Currency": "$",
	"AdditionalPrice1": "null",
	"AdditionalCurrency1": "null",
	"AdditionalPrice2": "null",
	"AdditionalCurrency2": "null",
	"BasePriceList": 1,
	"Factor": 1.25,
	"___FK_d01941ba9cfb379c0de0e60e": "C00002"
}, {
	"ID": "53",
	"PriceList": 5,
	"Price": 3000000,
	"Currency": "$",
	"AdditionalPrice1": "0",
	"AdditionalCurrency1": "null",
	"AdditionalPrice2": "0",
	"AdditionalCurrency2": "null",
	"BasePriceList": -1,
	"Factor": 1.5,
	"___FK_d01941ba9cfb379c0de0e60e": "C00002"
}, {
	"ID": "54",
	"PriceList": 6,
	"Price": 4000000,
	"Currency": "$",
	"AdditionalPrice1": "0",
	"AdditionalCurrency1": "null",
	"AdditionalPrice2": "0",
	"AdditionalCurrency2": "null",
	"BasePriceList": -1,
	"Factor": 2,
	"___FK_d01941ba9cfb379c0de0e60e": "C00002"
}, {
	"ID": "55",
	"PriceList": 1,
	"Price": 28,
	"Currency": "$",
	"AdditionalPrice1": "null",
	"AdditionalCurrency1": "null",
	"AdditionalPrice2": "null",
	"AdditionalCurrency2": "null",
	"BasePriceList": 1,
	"Factor": 1,
	"___FK_d01941ba9cfb379c0de0e60e": "I00007"
}, {
	"ID": "56",
	"PriceList": 2,
	"Price": 14,
	"Currency": "$",
	"AdditionalPrice1": "null",
	"AdditionalCurrency1": "null",
	"AdditionalPrice2": "null",
	"AdditionalCurrency2": "null",
	"BasePriceList": 1,
	"Factor": 0.5,
	"___FK_d01941ba9cfb379c0de0e60e": "I00007"
}, {
	"ID": "57",
	"PriceList": 3,
	"Price": 21,
	"Currency": "$",
	"AdditionalPrice1": "null",
	"AdditionalCurrency1": "null",
	"AdditionalPrice2": "null",
	"AdditionalCurrency2": "null",
	"BasePriceList": 1,
	"Factor": 0.75,
	"___FK_d01941ba9cfb379c0de0e60e": "I00007"
}, {
	"ID": "58",
	"PriceList": 4,
	"Price": 35,
	"Currency": "$",
	"AdditionalPrice1": "null",
	"AdditionalCurrency1": "null",
	"AdditionalPrice2": "null",
	"AdditionalCurrency2": "null",
	"BasePriceList": 1,
	"Factor": 1.25,
	"___FK_d01941ba9cfb379c0de0e60e": "I00007"
}, {
	"ID": "59",
	"PriceList": 5,
	"Price": 42,
	"Currency": "$",
	"AdditionalPrice1": "0",
	"AdditionalCurrency1": "null",
	"AdditionalPrice2": "0",
	"AdditionalCurrency2": "null",
	"BasePriceList": -1,
	"Factor": 1.5,
	"___FK_d01941ba9cfb379c0de0e60e": "I00007"
}, {
	"ID": "60",
	"PriceList": 6,
	"Price": 56,
	"Currency": "$",
	"AdditionalPrice1": "0",
	"AdditionalCurrency1": "null",
	"AdditionalPrice2": "0",
	"AdditionalCurrency2": "null",
	"BasePriceList": -1,
	"Factor": 2,
	"___FK_d01941ba9cfb379c0de0e60e": "I00007"
}, {
	"ID": "61",
	"PriceList": 1,
	"Price": 1,
	"Currency": "$",
	"AdditionalPrice1": "null",
	"AdditionalCurrency1": "null",
	"AdditionalPrice2": "null",
	"AdditionalCurrency2": "null",
	"BasePriceList": 1,
	"Factor": 1,
	"___FK_d01941ba9cfb379c0de0e60e": "B10000"
}, {
	"ID": "62",
	"PriceList": 2,
	"Price": 0.5,
	"Currency": "$",
	"AdditionalPrice1": "null",
	"AdditionalCurrency1": "null",
	"AdditionalPrice2": "null",
	"AdditionalCurrency2": "null",
	"BasePriceList": 1,
	"Factor": 0.5,
	"___FK_d01941ba9cfb379c0de0e60e": "B10000"
}, {
	"ID": "63",
	"PriceList": 3,
	"Price": 0.75,
	"Currency": "$",
	"AdditionalPrice1": "null",
	"AdditionalCurrency1": "null",
	"AdditionalPrice2": "null",
	"AdditionalCurrency2": "null",
	"BasePriceList": 1,
	"Factor": 0.75,
	"___FK_d01941ba9cfb379c0de0e60e": "B10000"
}, {
	"ID": "64",
	"PriceList": 4,
	"Price": 1.25,
	"Currency": "$",
	"AdditionalPrice1": "null",
	"AdditionalCurrency1": "null",
	"AdditionalPrice2": "null",
	"AdditionalCurrency2": "null",
	"BasePriceList": 1,
	"Factor": 1.25,
	"___FK_d01941ba9cfb379c0de0e60e": "B10000"
}, {
	"ID": "65",
	"PriceList": 5,
	"Price": 1.13,
	"Currency": "$",
	"AdditionalPrice1": "0",
	"AdditionalCurrency1": "null",
	"AdditionalPrice2": "0",
	"AdditionalCurrency2": "null",
	"BasePriceList": -1,
	"Factor": 1.5,
	"___FK_d01941ba9cfb379c0de0e60e": "B10000"
}, {
	"ID": "66",
	"PriceList": 6,
	"Price": 1.5,
	"Currency": "$",
	"AdditionalPrice1": "0",
	"AdditionalCurrency1": "null",
	"AdditionalPrice2": "0",
	"AdditionalCurrency2": "null",
	"BasePriceList": -1,
	"Factor": 2,
	"___FK_d01941ba9cfb379c0de0e60e": "B10000"
}, {
	"ID": "67",
	"PriceList": 1,
	"Price": 39,
	"Currency": "$",
	"AdditionalPrice1": "null",
	"AdditionalCurrency1": "null",
	"AdditionalPrice2": "null",
	"AdditionalCurrency2": "null",
	"BasePriceList": 1,
	"Factor": 1,
	"___FK_d01941ba9cfb379c0de0e60e": "I00008"
}, {
	"ID": "68",
	"PriceList": 2,
	"Price": 19.5,
	"Currency": "$",
	"AdditionalPrice1": "null",
	"AdditionalCurrency1": "null",
	"AdditionalPrice2": "null",
	"AdditionalCurrency2": "null",
	"BasePriceList": 1,
	"Factor": 0.5,
	"___FK_d01941ba9cfb379c0de0e60e": "I00008"
}, {
	"ID": "69",
	"PriceList": 3,
	"Price": 29.25,
	"Currency": "$",
	"AdditionalPrice1": "null",
	"AdditionalCurrency1": "null",
	"AdditionalPrice2": "null",
	"AdditionalCurrency2": "null",
	"BasePriceList": 1,
	"Factor": 0.75,
	"___FK_d01941ba9cfb379c0de0e60e": "I00008"
}, {
	"ID": "70",
	"PriceList": 4,
	"Price": 48.75,
	"Currency": "$",
	"AdditionalPrice1": "null",
	"AdditionalCurrency1": "null",
	"AdditionalPrice2": "null",
	"AdditionalCurrency2": "null",
	"BasePriceList": 1,
	"Factor": 1.25,
	"___FK_d01941ba9cfb379c0de0e60e": "I00008"
}, {
	"ID": "71",
	"PriceList": 5,
	"Price": 43.88,
	"Currency": "$",
	"AdditionalPrice1": "0",
	"AdditionalCurrency1": "null",
	"AdditionalPrice2": "0",
	"AdditionalCurrency2": "null",
	"BasePriceList": -1,
	"Factor": 1.5,
	"___FK_d01941ba9cfb379c0de0e60e": "I00008"
}, {
	"ID": "72",
	"PriceList": 6,
	"Price": 58.5,
	"Currency": "$",
	"AdditionalPrice1": "0",
	"AdditionalCurrency1": "null",
	"AdditionalPrice2": "0",
	"AdditionalCurrency2": "null",
	"BasePriceList": -1,
	"Factor": 2,
	"___FK_d01941ba9cfb379c0de0e60e": "I00008"
}, {
	"ID": "73",
	"PriceList": 1,
	"Price": 50,
	"Currency": "$",
	"AdditionalPrice1": "null",
	"AdditionalCurrency1": "null",
	"AdditionalPrice2": "null",
	"AdditionalCurrency2": "null",
	"BasePriceList": 1,
	"Factor": 1,
	"___FK_d01941ba9cfb379c0de0e60e": "TR0001"
}, {
	"ID": "74",
	"PriceList": 2,
	"Price": 25,
	"Currency": "$",
	"AdditionalPrice1": "null",
	"AdditionalCurrency1": "null",
	"AdditionalPrice2": "null",
	"AdditionalCurrency2": "null",
	"BasePriceList": 1,
	"Factor": 0.5,
	"___FK_d01941ba9cfb379c0de0e60e": "TR0001"
}, {
	"ID": "75",
	"PriceList": 3,
	"Price": 37.5,
	"Currency": "$",
	"AdditionalPrice1": "null",
	"AdditionalCurrency1": "null",
	"AdditionalPrice2": "null",
	"AdditionalCurrency2": "null",
	"BasePriceList": 1,
	"Factor": 0.75,
	"___FK_d01941ba9cfb379c0de0e60e": "TR0001"
}, {
	"ID": "76",
	"PriceList": 4,
	"Price": 62.5,
	"Currency": "$",
	"AdditionalPrice1": "null",
	"AdditionalCurrency1": "null",
	"AdditionalPrice2": "null",
	"AdditionalCurrency2": "null",
	"BasePriceList": 1,
	"Factor": 1.25,
	"___FK_d01941ba9cfb379c0de0e60e": "TR0001"
}, {
	"ID": "77",
	"PriceList": 5,
	"Price": 0,
	"Currency": "null",
	"AdditionalPrice1": "0",
	"AdditionalCurrency1": "null",
	"AdditionalPrice2": "0",
	"AdditionalCurrency2": "null",
	"BasePriceList": -1,
	"Factor": 1.5,
	"___FK_d01941ba9cfb379c0de0e60e": "TR0001"
}, {
	"ID": "78",
	"PriceList": 6,
	"Price": 0,
	"Currency": "null",
	"AdditionalPrice1": "0",
	"AdditionalCurrency1": "null",
	"AdditionalPrice2": "0",
	"AdditionalCurrency2": "null",
	"BasePriceList": -1,
	"Factor": 2,
	"___FK_d01941ba9cfb379c0de0e60e": "TR0001"
}, {
	"ID": "79",
	"PriceList": 1,
	"Price": 50,
	"Currency": "$",
	"AdditionalPrice1": "null",
	"AdditionalCurrency1": "null",
	"AdditionalPrice2": "null",
	"AdditionalCurrency2": "null",
	"BasePriceList": 1,
	"Factor": 1,
	"___FK_d01941ba9cfb379c0de0e60e": "LB0002"
}, {
	"ID": "80",
	"PriceList": 2,
	"Price": 25,
	"Currency": "$",
	"AdditionalPrice1": "null",
	"AdditionalCurrency1": "null",
	"AdditionalPrice2": "null",
	"AdditionalCurrency2": "null",
	"BasePriceList": 1,
	"Factor": 0.5,
	"___FK_d01941ba9cfb379c0de0e60e": "LB0002"
}, {
	"ID": "81",
	"PriceList": 3,
	"Price": 37.5,
	"Currency": "$",
	"AdditionalPrice1": "null",
	"AdditionalCurrency1": "null",
	"AdditionalPrice2": "null",
	"AdditionalCurrency2": "null",
	"BasePriceList": 1,
	"Factor": 0.75,
	"___FK_d01941ba9cfb379c0de0e60e": "LB0002"
}, {
	"ID": "82",
	"PriceList": 4,
	"Price": 62.5,
	"Currency": "$",
	"AdditionalPrice1": "null",
	"AdditionalCurrency1": "null",
	"AdditionalPrice2": "null",
	"AdditionalCurrency2": "null",
	"BasePriceList": 1,
	"Factor": 1.25,
	"___FK_d01941ba9cfb379c0de0e60e": "LB0002"
}, {
	"ID": "83",
	"PriceList": 5,
	"Price": 0,
	"Currency": "null",
	"AdditionalPrice1": "0",
	"AdditionalCurrency1": "null",
	"AdditionalPrice2": "0",
	"AdditionalCurrency2": "null",
	"BasePriceList": -1,
	"Factor": 1.5,
	"___FK_d01941ba9cfb379c0de0e60e": "LB0002"
}, {
	"ID": "84",
	"PriceList": 6,
	"Price": 0,
	"Currency": "null",
	"AdditionalPrice1": "0",
	"AdditionalCurrency1": "null",
	"AdditionalPrice2": "0",
	"AdditionalCurrency2": "null",
	"BasePriceList": -1,
	"Factor": 2,
	"___FK_d01941ba9cfb379c0de0e60e": "LB0002"
}, {
	"ID": "85",
	"PriceList": 1,
	"Price": 150,
	"Currency": "$",
	"AdditionalPrice1": "null",
	"AdditionalCurrency1": "null",
	"AdditionalPrice2": "null",
	"AdditionalCurrency2": "null",
	"BasePriceList": 1,
	"Factor": 1,
	"___FK_d01941ba9cfb379c0de0e60e": "I00009"
}, {
	"ID": "86",
	"PriceList": 2,
	"Price": 75,
	"Currency": "$",
	"AdditionalPrice1": "null",
	"AdditionalCurrency1": "null",
	"AdditionalPrice2": "null",
	"AdditionalCurrency2": "null",
	"BasePriceList": 1,
	"Factor": 0.5,
	"___FK_d01941ba9cfb379c0de0e60e": "I00009"
}, {
	"ID": "87",
	"PriceList": 3,
	"Price": 112.5,
	"Currency": "$",
	"AdditionalPrice1": "null",
	"AdditionalCurrency1": "null",
	"AdditionalPrice2": "null",
	"AdditionalCurrency2": "null",
	"BasePriceList": 1,
	"Factor": 0.75,
	"___FK_d01941ba9cfb379c0de0e60e": "I00009"
}, {
	"ID": "88",
	"PriceList": 4,
	"Price": 187.5,
	"Currency": "$",
	"AdditionalPrice1": "null",
	"AdditionalCurrency1": "null",
	"AdditionalPrice2": "null",
	"AdditionalCurrency2": "null",
	"BasePriceList": 1,
	"Factor": 1.25,
	"___FK_d01941ba9cfb379c0de0e60e": "I00009"
}, {
	"ID": "89",
	"PriceList": 5,
	"Price": 168.75,
	"Currency": "$",
	"AdditionalPrice1": "0",
	"AdditionalCurrency1": "null",
	"AdditionalPrice2": "0",
	"AdditionalCurrency2": "null",
	"BasePriceList": -1,
	"Factor": 1.5,
	"___FK_d01941ba9cfb379c0de0e60e": "I00009"
}, {
	"ID": "90",
	"PriceList": 6,
	"Price": 225,
	"Currency": "$",
	"AdditionalPrice1": "0",
	"AdditionalCurrency1": "null",
	"AdditionalPrice2": "0",
	"AdditionalCurrency2": "null",
	"BasePriceList": -1,
	"Factor": 2,
	"___FK_d01941ba9cfb379c0de0e60e": "I00009"
}, {
	"ID": "91",
	"PriceList": 1,
	"Price": 100,
	"Currency": "$",
	"AdditionalPrice1": "null",
	"AdditionalCurrency1": "null",
	"AdditionalPrice2": "null",
	"AdditionalCurrency2": "null",
	"BasePriceList": 1,
	"Factor": 1,
	"___FK_d01941ba9cfb379c0de0e60e": "LM4029SB"
}, {
	"ID": "92",
	"PriceList": 2,
	"Price": 50,
	"Currency": "$",
	"AdditionalPrice1": "null",
	"AdditionalCurrency1": "null",
	"AdditionalPrice2": "null",
	"AdditionalCurrency2": "null",
	"BasePriceList": 1,
	"Factor": 0.5,
	"___FK_d01941ba9cfb379c0de0e60e": "LM4029SB"
}, {
	"ID": "93",
	"PriceList": 3,
	"Price": 75,
	"Currency": "$",
	"AdditionalPrice1": "null",
	"AdditionalCurrency1": "null",
	"AdditionalPrice2": "null",
	"AdditionalCurrency2": "null",
	"BasePriceList": 1,
	"Factor": 0.75,
	"___FK_d01941ba9cfb379c0de0e60e": "LM4029SB"
}, {
	"ID": "94",
	"PriceList": 4,
	"Price": 125,
	"Currency": "$",
	"AdditionalPrice1": "null",
	"AdditionalCurrency1": "null",
	"AdditionalPrice2": "null",
	"AdditionalCurrency2": "null",
	"BasePriceList": 1,
	"Factor": 1.25,
	"___FK_d01941ba9cfb379c0de0e60e": "LM4029SB"
}, {
	"ID": "95",
	"PriceList": 5,
	"Price": 75,
	"Currency": "$",
	"AdditionalPrice1": "0",
	"AdditionalCurrency1": "null",
	"AdditionalPrice2": "0",
	"AdditionalCurrency2": "null",
	"BasePriceList": -1,
	"Factor": 1.5,
	"___FK_d01941ba9cfb379c0de0e60e": "LM4029SB"
}, {
	"ID": "96",
	"PriceList": 6,
	"Price": 100,
	"Currency": "$",
	"AdditionalPrice1": "0",
	"AdditionalCurrency1": "null",
	"AdditionalPrice2": "0",
	"AdditionalCurrency2": "null",
	"BasePriceList": -1,
	"Factor": 2,
	"___FK_d01941ba9cfb379c0de0e60e": "LM4029SB"
}, {
	"ID": "97",
	"PriceList": 1,
	"Price": 1440,
	"Currency": "$",
	"AdditionalPrice1": "null",
	"AdditionalCurrency1": "null",
	"AdditionalPrice2": "null",
	"AdditionalCurrency2": "null",
	"BasePriceList": 1,
	"Factor": 1,
	"___FK_d01941ba9cfb379c0de0e60e": "P10001"
}, {
	"ID": "98",
	"PriceList": 2,
	"Price": 720,
	"Currency": "$",
	"AdditionalPrice1": "null",
	"AdditionalCurrency1": "null",
	"AdditionalPrice2": "null",
	"AdditionalCurrency2": "null",
	"BasePriceList": 1,
	"Factor": 0.5,
	"___FK_d01941ba9cfb379c0de0e60e": "P10001"
}, {
	"ID": "99",
	"PriceList": 3,
	"Price": 1080,
	"Currency": "$",
	"AdditionalPrice1": "null",
	"AdditionalCurrency1": "null",
	"AdditionalPrice2": "null",
	"AdditionalCurrency2": "null",
	"BasePriceList": 1,
	"Factor": 0.75,
	"___FK_d01941ba9cfb379c0de0e60e": "P10001"
}, {
	"ID": "100",
	"PriceList": 4,
	"Price": 1800,
	"Currency": "$",
	"AdditionalPrice1": "null",
	"AdditionalCurrency1": "null",
	"AdditionalPrice2": "null",
	"AdditionalCurrency2": "null",
	"BasePriceList": 1,
	"Factor": 1.25,
	"___FK_d01941ba9cfb379c0de0e60e": "P10001"
}, {
	"ID": "101",
	"PriceList": 5,
	"Price": 2011.11,
	"Currency": "$",
	"AdditionalPrice1": "0",
	"AdditionalCurrency1": "null",
	"AdditionalPrice2": "0",
	"AdditionalCurrency2": "null",
	"BasePriceList": -1,
	"Factor": 1.5,
	"___FK_d01941ba9cfb379c0de0e60e": "P10001"
}, {
	"ID": "102",
	"PriceList": 6,
	"Price": 2681.48,
	"Currency": "$",
	"AdditionalPrice1": "0",
	"AdditionalCurrency1": "null",
	"AdditionalPrice2": "0",
	"AdditionalCurrency2": "null",
	"BasePriceList": -1,
	"Factor": 2,
	"___FK_d01941ba9cfb379c0de0e60e": "P10001"
}, {
	"ID": "103",
	"PriceList": 1,
	"Price": 1380,
	"Currency": "$",
	"AdditionalPrice1": "null",
	"AdditionalCurrency1": "null",
	"AdditionalPrice2": "null",
	"AdditionalCurrency2": "null",
	"BasePriceList": 1,
	"Factor": 1,
	"___FK_d01941ba9cfb379c0de0e60e": "P10002"
}, {
	"ID": "104",
	"PriceList": 2,
	"Price": 690,
	"Currency": "$",
	"AdditionalPrice1": "null",
	"AdditionalCurrency1": "null",
	"AdditionalPrice2": "null",
	"AdditionalCurrency2": "null",
	"BasePriceList": 1,
	"Factor": 0.5,
	"___FK_d01941ba9cfb379c0de0e60e": "P10002"
}, {
	"ID": "105",
	"PriceList": 3,
	"Price": 1035,
	"Currency": "$",
	"AdditionalPrice1": "null",
	"AdditionalCurrency1": "null",
	"AdditionalPrice2": "null",
	"AdditionalCurrency2": "null",
	"BasePriceList": 1,
	"Factor": 0.75,
	"___FK_d01941ba9cfb379c0de0e60e": "P10002"
}, {
	"ID": "106",
	"PriceList": 4,
	"Price": 1725,
	"Currency": "$",
	"AdditionalPrice1": "null",
	"AdditionalCurrency1": "null",
	"AdditionalPrice2": "null",
	"AdditionalCurrency2": "null",
	"BasePriceList": 1,
	"Factor": 1.25,
	"___FK_d01941ba9cfb379c0de0e60e": "P10002"
}, {
	"ID": "107",
	"PriceList": 5,
	"Price": 1929.33,
	"Currency": "$",
	"AdditionalPrice1": "0",
	"AdditionalCurrency1": "null",
	"AdditionalPrice2": "0",
	"AdditionalCurrency2": "null",
	"BasePriceList": -1,
	"Factor": 1.5,
	"___FK_d01941ba9cfb379c0de0e60e": "P10002"
}, {
	"ID": "108",
	"PriceList": 6,
	"Price": 2572.44,
	"Currency": "$",
	"AdditionalPrice1": "0",
	"AdditionalCurrency1": "null",
	"AdditionalPrice2": "0",
	"AdditionalCurrency2": "null",
	"BasePriceList": -1,
	"Factor": 2,
	"___FK_d01941ba9cfb379c0de0e60e": "P10002"
}, {
	"ID": "109",
	"PriceList": 1,
	"Price": 1740,
	"Currency": "$",
	"AdditionalPrice1": "null",
	"AdditionalCurrency1": "null",
	"AdditionalPrice2": "null",
	"AdditionalCurrency2": "null",
	"BasePriceList": 1,
	"Factor": 1,
	"___FK_d01941ba9cfb379c0de0e60e": "P10003"
}, {
	"ID": "110",
	"PriceList": 2,
	"Price": 870,
	"Currency": "$",
	"AdditionalPrice1": "null",
	"AdditionalCurrency1": "null",
	"AdditionalPrice2": "null",
	"AdditionalCurrency2": "null",
	"BasePriceList": 1,
	"Factor": 0.5,
	"___FK_d01941ba9cfb379c0de0e60e": "P10003"
}, {
	"ID": "111",
	"PriceList": 3,
	"Price": 1305,
	"Currency": "$",
	"AdditionalPrice1": "null",
	"AdditionalCurrency1": "null",
	"AdditionalPrice2": "null",
	"AdditionalCurrency2": "null",
	"BasePriceList": 1,
	"Factor": 0.75,
	"___FK_d01941ba9cfb379c0de0e60e": "P10003"
}, {
	"ID": "112",
	"PriceList": 4,
	"Price": 2175,
	"Currency": "$",
	"AdditionalPrice1": "null",
	"AdditionalCurrency1": "null",
	"AdditionalPrice2": "null",
	"AdditionalCurrency2": "null",
	"BasePriceList": 1,
	"Factor": 1.25,
	"___FK_d01941ba9cfb379c0de0e60e": "P10003"
}, {
	"ID": "113",
	"PriceList": 5,
	"Price": 2439.98,
	"Currency": "$",
	"AdditionalPrice1": "0",
	"AdditionalCurrency1": "null",
	"AdditionalPrice2": "0",
	"AdditionalCurrency2": "null",
	"BasePriceList": -1,
	"Factor": 1.5,
	"___FK_d01941ba9cfb379c0de0e60e": "P10003"
}, {
	"ID": "114",
	"PriceList": 6,
	"Price": 3253.3,
	"Currency": "$",
	"AdditionalPrice1": "0",
	"AdditionalCurrency1": "null",
	"AdditionalPrice2": "0",
	"AdditionalCurrency2": "null",
	"BasePriceList": -1,
	"Factor": 2,
	"___FK_d01941ba9cfb379c0de0e60e": "P10003"
}, {
	"ID": "115",
	"PriceList": 1,
	"Price": 1880,
	"Currency": "$",
	"AdditionalPrice1": "null",
	"AdditionalCurrency1": "null",
	"AdditionalPrice2": "null",
	"AdditionalCurrency2": "null",
	"BasePriceList": 1,
	"Factor": 1,
	"___FK_d01941ba9cfb379c0de0e60e": "P10004"
}, {
	"ID": "116",
	"PriceList": 2,
	"Price": 940,
	"Currency": "$",
	"AdditionalPrice1": "null",
	"AdditionalCurrency1": "null",
	"AdditionalPrice2": "null",
	"AdditionalCurrency2": "null",
	"BasePriceList": 1,
	"Factor": 0.5,
	"___FK_d01941ba9cfb379c0de0e60e": "P10004"
}, {
	"ID": "117",
	"PriceList": 3,
	"Price": 1410,
	"Currency": "$",
	"AdditionalPrice1": "null",
	"AdditionalCurrency1": "null",
	"AdditionalPrice2": "null",
	"AdditionalCurrency2": "null",
	"BasePriceList": 1,
	"Factor": 0.75,
	"___FK_d01941ba9cfb379c0de0e60e": "P10004"
}, {
	"ID": "118",
	"PriceList": 4,
	"Price": 2350,
	"Currency": "$",
	"AdditionalPrice1": "null",
	"AdditionalCurrency1": "null",
	"AdditionalPrice2": "null",
	"AdditionalCurrency2": "null",
	"BasePriceList": 1,
	"Factor": 1.25,
	"___FK_d01941ba9cfb379c0de0e60e": "P10004"
}, {
	"ID": "119",
	"PriceList": 5,
	"Price": 2658.36,
	"Currency": "$",
	"AdditionalPrice1": "0",
	"AdditionalCurrency1": "null",
	"AdditionalPrice2": "0",
	"AdditionalCurrency2": "null",
	"BasePriceList": -1,
	"Factor": 1.5,
	"___FK_d01941ba9cfb379c0de0e60e": "P10004"
}, {
	"ID": "120",
	"PriceList": 6,
	"Price": 3544.48,
	"Currency": "$",
	"AdditionalPrice1": "0",
	"AdditionalCurrency1": "null",
	"AdditionalPrice2": "0",
	"AdditionalCurrency2": "null",
	"BasePriceList": -1,
	"Factor": 2,
	"___FK_d01941ba9cfb379c0de0e60e": "P10004"
}]