[{
	"ID": "Q1",
	"Demand": 20,
	"InStock": 17,
	"ItemName": "DELL DE890",
	"Vendor": "V1010",
	"Tax": "T01",
	"Ordered": 0,
	"___FK_b5bf64dbb2f6d7d20de0efe2": "i01"
}, {
	"ID": "Q2",
	"Demand": 105,
	"InStock": 1071,
	"ItemName": "Motherboard P4 Turbo",
	"Vendor": "V10000",
	"Tax": "T02",
	"Ordered": 200,
	"___FK_b5bf64dbb2f6d7d20de0efe2": "C00001"
}, {
	"ID": "Q3",
	"Demand": 750,
	"InStock": 925,
	"ItemName": "IBM Thankpad Laptop Batteries A21 series",
	"Vendor": "V10000",
	"Tax": "T03",
	"Ordered": 70,
	"___FK_b5bf64dbb2f6d7d20de0efe2": "I00006"
}, {
	"ID": "Q4",
	"Demand": 1300,
	"InStock": 970,
	"ItemName": "Canon EOS 30D",
	"Vendor": "V10000",
	"Tax": "T04",
	"Ordered": 120,
	"___FK_b5bf64dbb2f6d7d20de0efe2": "I00010"
}, {
	"ID": "Q5",
	"Demand": 922,
	"InStock": 785,
	"ItemName": "HP Color Laser Jet 5",
	"Vendor": "V10000",
	"Tax": "T05",
	"Ordered": 160,
	"___FK_b5bf64dbb2f6d7d20de0efe2": "A00004"
}, {
	"ID": "Q6",
	"Demand": 1400,
	"InStock": 961,
	"ItemName": "DVD+R Disc 10-Pack",
	"Vendor": "V1010",
	"Tax": "T06",
	"Ordered": 140,
	"___FK_b5bf64dbb2f6d7d20de0efe2": "I00001"
}, {
	"ID": "Q7",
	"Demand": 925,
	"InStock": 778,
	"ItemName": "HP Color Laser Jet 4",
	"Vendor": "V20000",
	"Tax": "T07",
	"Ordered": 200,
	"___FK_b5bf64dbb2f6d7d20de0efe2": "A00005"
}, {
	"ID": "Q8",
	"Demand": 1900,
	"InStock": 900,
	"ItemName": "A001",
	"Vendor": "V10000",
	"Tax": "T08",
	"Ordered": 900,
	"___FK_b5bf64dbb2f6d7d20de0efe2": "A001"
}, {
	"ID": "Q9",
	"Demand": 1498,
	"InStock": 1011,
	"ItemName": "Motherboard P4 Turbo - Asus Chipset",
	"Vendor": "V50000",
	"Tax": "T09",
	"Ordered": 200,
	"___FK_b5bf64dbb2f6d7d20de0efe2": "C00002"
}, {
	"ID": "Q10",
	"Demand": 995,
	"InStock": 885,
	"ItemName": "HP Printer 95 Inkjet Cartridge",
	"Vendor": "V10000",
	"Tax": "T01",
	"Ordered": 70,
	"___FK_b5bf64dbb2f6d7d20de0efe2": "I00007"
}, {
	"ID": "Q11",
	"Demand": 567,
	"InStock": 500,
	"ItemName": "Printer Label",
	"Vendor": "V10000",
	"Tax": "T02",
	"Ordered": 0,
	"___FK_b5bf64dbb2f6d7d20de0efe2": "B10000"
}, {
	"ID": "Q12",
	"Demand": 1145,
	"InStock": 929,
	"ItemName": "HP Vivera Ink 6-Pack and Photo Paper Kit",
	"Vendor": "V10000",
	"Tax": "T03",
	"Ordered": 70,
	"___FK_b5bf64dbb2f6d7d20de0efe2": "I00008"
}, {
	"ID": "Q13",
	"Demand": 40,
	"InStock": 0,
	"ItemName": "Travel Expense per 100 miles",
	"Vendor": "V1010",
	"Tax": "T04",
	"Ordered": 0,
	"___FK_b5bf64dbb2f6d7d20de0efe2": "TR0001"
}, {
	"ID": "Q14",
	"Demand": 34,
	"InStock": 0,
	"ItemName": "Hourly Service Labor Charge",
	"Vendor": "V10000",
	"Tax": "T05",
	"Ordered": 0,
	"___FK_b5bf64dbb2f6d7d20de0efe2": "LB0002"
}, {
	"ID": "Q15",
	"Demand": 1026,
	"InStock": 927,
	"ItemName": "Canon PowerShot A1000IS",
	"Vendor": "V10000",
	"Tax": "T06",
	"Ordered": 70,
	"___FK_b5bf64dbb2f6d7d20de0efe2": "I00009"
}, {
	"ID": "Q16",
	"Demand": 769,
	"InStock": 501,
	"ItemName": "LM4029SB Lexmark 4029 Printer System Board",
	"Vendor": "V10000",
	"Tax": "T07",
	"Ordered": 170,
	"___FK_b5bf64dbb2f6d7d20de0efe2": "LM4029SB"
}, {
	"ID": "Q17",
	"Demand": 15,
	"InStock": 10,
	"ItemName": "PC - P4 2.4G, DDR 512M, 400G HD",
	"Vendor": "V10000",
	"Tax": "T08",
	"Ordered": 0,
	"___FK_b5bf64dbb2f6d7d20de0efe2": "P10001"
}, {
	"ID": "Q18",
	"Demand": 9,
	"InStock": 0,
	"ItemName": "PC - P4 2.4G, DDR 1024M, 400G HD",
	"Vendor": "V1010",
	"Tax": "T09",
	"Ordered": 0,
	"___FK_b5bf64dbb2f6d7d20de0efe2": "P10002"
}, {
	"ID": "Q19",
	"Demand": 43,
	"InStock": 15,
	"ItemName": "PC Set 1",
	"Vendor": "V20000",
	"Tax": "T01",
	"Ordered": 0,
	"___FK_b5bf64dbb2f6d7d20de0efe2": "P10003"
}, {
	"ID": "Q20",
	"Demand": 34,
	"InStock": 10,
	"ItemName": "PC Set 2",
	"Vendor": "V10000",
	"Tax": "T02",
	"Ordered": 0,
	"___FK_b5bf64dbb2f6d7d20de0efe2": "P10004"
}]