[{
	"ID": "A1",
	"BPCode": "V1010",
	"___FK_f8f0838a9d109e080de0efdc": ""
}, {
	"ID": "A2",
	"BPCode": "V10000",
	"___FK_f8f0838a9d109e080de0efdc": ""
}, {
	"ID": "A3",
	"BPCode": "V10000",
	"___FK_f8f0838a9d109e080de0efdc": ""
}, {
	"ID": "A4",
	"BPCode": "V10000",
	"___FK_f8f0838a9d109e080de0efdc": ""
}, {
	"ID": "A5",
	"BPCode": "V10000",
	"___FK_f8f0838a9d109e080de0efdc": ""
}, {
	"ID": "A6",
	"BPCode": "V1010",
	"___FK_f8f0838a9d109e080de0efdc": ""
}, {
	"ID": "A7",
	"BPCode": "V20000",
	"___FK_f8f0838a9d109e080de0efdc": ""
}, {
	"ID": "A8",
	"BPCode": "V10000",
	"___FK_f8f0838a9d109e080de0efdc": ""
}, {
	"ID": "A9",
	"BPCode": "V50000",
	"___FK_f8f0838a9d109e080de0efdc": ""
}, {
	"ID": "A10",
	"BPCode": "V10000",
	"___FK_f8f0838a9d109e080de0efdc": ""
}, {
	"ID": "A11",
	"BPCode": "V10000",
	"___FK_f8f0838a9d109e080de0efdc": ""
}, {
	"ID": "A12",
	"BPCode": "V10000",
	"___FK_f8f0838a9d109e080de0efdc": ""
}]