[{
  "ID":"1",  
  "Nombre":"Gancho Ref. 283",
  "Precio":"2000"
},{
  "ID":"2",  
  "Nombre":"Gancho Ref. 314",
  "Precio":"2500"
},{
  "ID":"3",  
  "Nombre":"Gancho Ref. 532",
  "Precio":"2250"
},{
  "ID":"4",  
  "Nombre":"Gancho Ref. 023",
  "Precio":"2000"
},{
  "ID":"5",  
  "Nombre":"Gancho Ref. 243",
  "Precio":"3100"
},{
  "ID":"6",  
  "Nombre":"Gancho Ref. 321",
  "Precio":"1900"
},{
  "ID":"7",  
  "Nombre":"Gancho Ref. 923",
  "Precio":"2200"
},{
  "ID":"8",  
  "Nombre":"Gancho Ref. 243",
  "Precio":"2150"
}
]