[{"ID":"1","Nombre":"Laminado Gimme Nylon Rojo","Estado":"En Camino","Unidades":36,"Nombre_Proveedor":"Bondeo S.A","Telefono_proveedor":"3182337402","Mail_Proveedor":"bondeoS.A@outlook.com","Fecha_de_Creacion":"/Date(1577750400000)/","Fecha_pactada_de_recibo":"/Date(1590883200000)/","Fecha_de_recibo":"/Date(1590710400000)/","__FK_d194770d990f28ea1395a621_00005":"","_FK_d194770d990f28ea1395a621_00007":"","Precio":300000},{"ID":"2","Nombre":"Powernet","Estado":"Recibida","Unidades":114,"Nombre_Proveedor":"Gulfer Pizantex S.A","Telefono_proveedor":"3145449582","Mail_Proveedor":"GF.A@outlook.com","Fecha_de_Creacion":"/Date(1580342400000)/","Fecha_pactada_de_recibo":"/Date(1590969600000)/","Fecha_de_recibo":"/Date(1590796800000)/","_FK_d194770d990f28ea1395a621_00005":"","_FK_d194770d990f28ea1395a621_00007":"","Precio":115000},{"ID":"3","Nombre":"Nylon Sesgo Negro","Estado":"Atrasada","Unidades":43,"Nombre_Proveedor":"Gulfer Pizantex S.A","Telefono_proveedor":"3145449582","Mail_Proveedor":"GF.A@outlook.com","Fecha_de_Creacion":"/Date(1585958400000)/","Fecha_pactada_de_recibo":"/Date(1591056000000)/","Fecha_de_recibo":"/Date(1590883200000)/","_FK_d194770d990f28ea1395a621_00005":"","_FK_d194770d990f28ea1395a621_00007":"","Precio":43000},{"ID":"4","Nombre":"Elástico Base ","Estado":"Recibida","Unidades":20,"Nombre_Proveedor":"Encajes S.A","Telefono_proveedor":"3128449562","Mail_Proveedor":"EncajesS.A@outlook.com","Fecha_de_Creacion":"/Date(1586563200000)/","Fecha_pactada_de_recibo":"/Date(1591142400000)/","Fecha_de_recibo":"/Date(1590969600000)/","_FK_d194770d990f28ea1395a621_00005":"","_FK_d194770d990f28ea1395a621_00007":"","Precio":20000},{"ID":"5","Nombre":"Elástico ","Estado":"Recibida","Unidades":34,"Nombre_Proveedor":"Encajes S.A","Telefono_proveedor":"3128449562","Mail_Proveedor":"EncajesS.A@outlook.com","Fecha_de_Creacion":"/Date(1587772800000)/","Fecha_pactada_de_recibo":"/Date(1591228800000)/","Fecha_de_recibo":"/Date(1591056000000)/","_FK_d194770d990f28ea1395a621_00005":"","_FK_d194770d990f28ea1395a621_00007":"","Precio":34000},{"ID":"6","Nombre":"Uncont Gafete continuo","Estado":"En Camino","Unidades":163,"Nombre_Proveedor":"Encajes S.A","Telefono_proveedor":"3128449562","Mail_Proveedor":"EncajesS.A@outlook.com","Fecha_de_Creacion":"/Date(1589068800000)/","Fecha_pactada_de_recibo":"/Date(1591315200000)/","Fecha_de_recibo":"/Date(1591142400000)/","_FK_d194770d990f28ea1395a621_00005":"","_FK_d194770d990f28ea1395a621_00007":"","Precio":2664.17},{"ID":"7","Nombre":"Marquilla composición","Estado":"Recibida","Unidades":125,"Nombre_Proveedor":"Punto Flex S.A","Telefono_proveedor":"3217448423","Mail_Proveedor":"puntoflx@outlook.com","Fecha_de_Creacion":"/Date(1589328000000)/","Fecha_pactada_de_recibo":"/Date(1591401600000)/","Fecha_de_recibo":"/Date(1591228800000)/","_FK_d194770d990f28ea1395a621_00005":"","_FK_d194770d990f28ea1395a621_00007":"","Precio":6484.14},{"ID":"8","Nombre":"Marquilla Satín","Estado":"Recibida","Unidades":91,"Nombre_Proveedor":"Punto Flex S.A","Telefono_proveedor":"3217448423","Mail_Proveedor":"puntoflx@outlook.com","Fecha_de_Creacion":"/Date(1589328000000)/","Fecha_pactada_de_recibo":"/Date(1591488000000)/","Fecha_de_recibo":"/Date(1591315200000)/","_FK_d194770d990f28ea1395a621_00005":"","_FK_d194770d990f28ea1395a621_00007":"","Precio":696.4},{"ID":"9","Nombre":"Laminado Gimme Nylon Azul","Estado":"Recibida","Unidades":123,"Nombre_Proveedor":"Bondeo S.A","Telefono_proveedor":"3182337402","Mail_Proveedor":"bondeoS.A@outlook.com","Fecha_de_Creacion":"/Date(1589328000000)/","Fecha_pactada_de_recibo":"/Date(1591574400000)/","Fecha_de_recibo":"/Date(1591401600000)/","_FK_d194770d990f28ea1395a621_00005":"","_FK_d194770d990f28ea1395a621_00007":"","Precio":6908},{"ID":"10","Nombre":"Laminado Gimme Nylon Negro","Estado":"Atrasada","Unidades":117,"Nombre_Proveedor":"Bondeo S.A","Telefono_proveedor":"3182337402","Mail_Proveedor":"bondeoS.A@outlook.com","Fecha_de_Creacion":"/Date(1589328000000)/","Fecha_pactada_de_recibo":"/Date(1591660800000)/","Fecha_de_recibo":"/Date(1591488000000)/","_FK_d194770d990f28ea1395a621_00005":"","_FK_d194770d990f28ea1395a621_00007":"","Precio":6081.75},{"ID":"11","Nombre":"Etiqueta carton código de barras","Estado":"En Camino","Unidades":2,"Nombre_Proveedor":"Punto Flex S.A","Telefono_proveedor":"3217448423","Mail_Proveedor":"puntoflx@outlook.com","Fecha_de_Creacion":"/Date(1589328000000)/","Fecha_pactada_de_recibo":"/Date(1591747200000)/","Fecha_de_recibo":"/Date(1591574400000)/","_FK_d194770d990f28ea1395a621_00005":"","_FK_d194770d990f28ea1395a621_00007":"","Precio":3127.55},{"ID":"12","Nombre":"Gancho Plástico Estampado","Estado":"Atrasada","Unidades":44,"Nombre_Proveedor":"Punto Flex S.A","Telefono_proveedor":"3217448423","Mail_Proveedor":"puntoflx@outlook.com","Fecha_de_Creacion":"/Date(1589328000000)/","Fecha_pactada_de_recibo":"/Date(1591833600000)/","Fecha_de_recibo":"/Date(1591660800000)/","_FK_d194770d990f28ea1395a621_00005":"","_FK_d194770d990f28ea1395a621_00007":"","Precio":3229.61},{"ID":"13","Nombre":"Etiqueta Marie Louise","Estado":"En Camino","Unidades":211,"Nombre_Proveedor":"Punto Flex S.A","Telefono_proveedor":"3217448423","Mail_Proveedor":"puntoflx@outlook.com","Fecha_de_Creacion":"/Date(1589328000000)/","Fecha_pactada_de_recibo":"/Date(1591920000000)/","Fecha_de_recibo":"/Date(1591747200000)/","_FK_d194770d990f28ea1395a621_00005":"","_FK_d194770d990f28ea1395a621_00007":"","Precio":9681.81},{"ID":"14","Nombre":"Cajas de carton","Estado":"Atrasada","Unidades":107,"Nombre_Proveedor":"Punto Flex S.A","Telefono_proveedor":"3217448423","Mail_Proveedor":"puntoflx@outlook.com","Fecha_de_Creacion":"/Date(1589328000000)/","Fecha_pactada_de_recibo":"/Date(1592006400000)/","Fecha_de_recibo":"/Date(1591833600000)/","_FK_d194770d990f28ea1395a621_00005":"","_FK_d194770d990f28ea1395a621_00007":"","Precio":4472.02},{"ID":"15","Nombre":"Hablador prenda","Estado":"Recibida","Unidades":197,"Nombre_Proveedor":"Punto Flex S.A","Telefono_proveedor":"3217448423","Mail_Proveedor":"puntoflx@outlook.com","Fecha_de_Creacion":"/Date(1589328000000)/","Fecha_pactada_de_recibo":"/Date(1592092800000)/","Fecha_de_recibo":"/Date(1591920000000)/","_FK_d194770d990f28ea1395a621_00005":"","_FK_d194770d990f28ea1395a621_00007":"","Precio":4032.9},{"ID":"16","Nombre":"Bolsa de empaque","Estado":"Atrasada","Unidades":141,"Nombre_Proveedor":"Punto Flex S.A","Telefono_proveedor":"3217448423","Mail_Proveedor":"puntoflx@outlook.com","Fecha_de_Creacion":"/Date(1589328000000)/","Fecha_pactada_de_recibo":"/Date(1592179200000)/","Fecha_de_recibo":"/Date(1592006400000)/","_FK_d194770d990f28ea1395a621_00005":"","_FK_d194770d990f28ea1395a621_00007":"","Precio":7201.16},{"ID":"17","Nombre":"Nylon Sesgo Rojo","Estado":"En Camino","Unidades":100,"Nombre_Proveedor":"Gulfer Pizantex S.A","Telefono_proveedor":"3145449582","Mail_Proveedor":"GF.A@outlook.com","Fecha_de_Creacion":"/Date(1589328000000)/","Fecha_pactada_de_recibo":"/Date(1592265600000)/","Fecha_de_recibo":"/Date(1592092800000)/","_FK_d194770d990f28ea1395a621_00005":"","__FK_d194770d990f28ea1395a621_00007":"","Precio":9117.48}]